team,efficiency_off_gravity,efficiency_def_gravity,efficiency_off_avg,efficiency_def_avg
Abilene Christian,0.9095761577343013,-0.3890361890190677,96.97691042585666,106.53210093191885
Air Force,0.8509897244645102,0.7248750456966683,93.38219464454276,118.44462957953976
Akron,0.8296252158374214,0.44858727429038864,122.58423922796328,104.4322673124558
Alabama,1.5017229388096978,-5.556797662325527,121.2007792561048,109.31761533150798
Alabama A&M,3.200723610677372,6.269415526992838,105.89476839528746,109.43789773714195
Alabama St.,1.4841675466747537,6.253185801692993,99.73198959268296,109.13230451252625
Albany,1.788538265080865,2.5870819259760465,104.04902802767819,111.95152538809752
Alcorn St.,1.3070627368283523,1.9225876737090466,96.60849729660961,114.59485759514037
American,3.4686091290032057,3.290327992744533,107.38149847340337,109.5787871181953
Appalachian St.,1.211601709770427,0.44055900677265275,107.79645896515242,102.93079256443156
Arizona,1.4891800774490753,1.459733424116858,120.71642675842678,93.34295023154417
Arizona St.,5.993358878250069,-5.512766067840541,108.47261525310738,108.836223433942
Arkansas,1.3690378322698273,-6.986497984864193,122.21000100815426,108.52459453523643
Arkansas Pine Bluff,1.795352293358805,1.9472447374936277,102.89476811183567,113.84507189616761
Arkansas St.,0.37121705897420004,-0.9618487030681133,110.64773388810686,106.71227574920376
Army,1.7538611234242316,1.6142531998390865,102.31768568295384,114.925659318379
Auburn,1.531443661364378,-0.7033500624529065,118.11199444122882,113.44505808417674
Austin Peay,-0.5031558782349858,-0.09775094132797751,112.34598136430036,106.11282294428565
BYU,1.6826134042781018,4.309829198280813,118.04458249669088,106.47025290553633
Ball St.,1.3863915147948636,1.8308840030307318,98.98357948122965,108.38046987176708
Baylor,2.0189426873053975,-0.8503793669922852,115.21816429900856,110.92657085134414
Bellarmine,0.6245551539545432,1.1235694375171938,119.42286096211578,125.25839304472947
Belmont,1.0881323737732067,0.3593091073632319,118.25234633035525,105.06418671400415
Bethune Cookman,2.048046309865181,-2.121097749838266,104.73976516697799,106.43092534686055
Binghamton,1.584627690190487,2.3671118192591747,100.1174632947799,114.42478598610276
Boise St.,1.600333314886583,4.843428468928781,114.12289249983,107.48494134116815
Boston College,0.6089145308972157,1.8665636478566516,99.19414558911579,104.08405193117568
Boston University,0.4120610424440365,2.1385878006390096,115.23859457621953,113.31145479324402
Bowling Green,-1.5909804304451687,0.58356307460329,108.32126062374742,102.51097011389231
Bradley,1.4506703637623974,0.47924195727601854,110.5050775759258,106.02905126077191
Brown,1.2141693454995133,-0.3231963036559309,97.55751420896772,106.52806757188098
Bryant,1.174051428900335,2.6020288781727263,94.77505143820842,112.13531663824934
Bucknell,1.397290679300329,1.6286081032382205,98.92055972163139,112.52478091340329
Buffalo,0.6400621815130915,1.720095616096774,114.51537909761235,112.14044515124824
Butler,2.8070961250460607,2.2513963522825784,110.50674241354191,107.80454137161591
Cal Baptist,1.3336154067359076,0.569260706224708,106.98260816220404,98.33925813331714
Cal Poly,0.6447459493063831,1.4993639716462015,105.44038523495513,112.23941487182599
Cal St. Bakersfield,0.9480296962774852,1.568428453375368,98.30337423647515,113.77055952203497
Cal St. Fullerton,0.08793210590810473,1.5247326561833985,107.56136769803273,108.51365571380553
Cal St. Northridge,0.9767152697396707,-0.797546165279824,104.03781170570373,106.84706800285403
California,3.750747437412044,1.6437989187758764,108.91165735198769,102.76744176157769
Campbell,0.329616762884009,1.0753292023612055,108.0251149670338,113.44768058176706
Canisius,1.286809854651834,3.7626080061676594,95.87889037056122,110.01487552568629
Central Arkansas,-0.37885146227245353,0.02802332666306455,111.93134293721634,108.06735656064289
Central Connecticut,3.2461055129168987,6.474762720807479,107.63399021764421,109.22554652319546
Central Michigan,1.5070874873828424,1.3436024501076984,105.58583937384957,113.90821192104114
Charleston,-0.9016584162718736,0.4692278107302934,108.25968794882625,106.06052166220788
Charleston Southern,2.713513509012283,-0.7128759218389783,106.63835394232883,105.71013537968216
Charlotte,1.2715765713950498,0.9767853942343648,111.85287222395148,113.23799930580756
Chattanooga,-1.3301026437102224,1.4059067114709933,110.46213102753579,114.7724080874767
Chicago St.,1.1603305636727446,1.6150991579644924,97.32440149063191,115.12455350819259
Cincinnati,-1.1061254541973828,1.4443476344943496,105.0044822199071,98.19876369941544
Clemson,1.8526916847771195,1.5786617573757422,112.44606841937532,100.71029558152244
Cleveland St.,-0.7626255039288109,1.043884709535562,109.61521037231503,123.18697557355085
Coastal Carolina,1.4813927098379331,-0.04779289665744745,103.141439589159,104.77412478305372
Colgate,-0.5027504230049368,2.296749002907644,110.06389776186676,110.20855661150662
Colorado,1.9672089629564737,-0.485807658689773,113.31597531452093,111.63031199987206
Colorado St.,1.1358623812568933,0.3015208057483826,119.25364808878587,112.52131584369651
Columbia,-0.8370164114842746,1.3810944024637821,108.69484248225974,108.42159531400428
Connecticut,1.6850013997209314,1.412057668869582,116.2214797464172,96.66552359165244
Coppin St.,1.2069655676822832,1.7618295306335112,92.26835822198005,116.4698807919289
Cornell,0.9563304527117349,1.3188548997753478,119.13015249074053,115.44615050623743
Creighton,3.4789197733469357,-3.389899477179458,110.13932925052373,108.54398423414585
Dartmouth,1.347658510988467,1.2139714331127254,105.1198721816367,112.12932937800352
Davidson,2.7204784251945795,1.2818443304290486,108.86659540212821,104.51568687819578
Dayton,1.767287337502482,1.2807341446715184,110.14416827944268,100.87257002284083
DePaul,0.13781975993351925,1.4340824646821426,104.33715579390275,102.38331375707843
Delaware,1.1990825804244962,1.4965662027880473,104.82647030303455,112.88222972279738
Delaware St.,1.2476698308306329,6.665283849700325,89.57533404021336,108.89729985688311
Denver,0.7619203758448039,1.099631116901327,116.24158208081275,119.87709226981002
Detroit Mercy,-2.1979754595948218,1.148533083004328,108.53041268452128,112.18175319851815
Drake,-1.417752720817356,1.144880895086639,107.47108839925669,111.63169426329858
Drexel,1.2649319509266792,0.37708603306719307,103.58688639613575,102.3040923730105
Duke,1.4400309053598932,1.4418710605948037,122.77190175114507,92.00742139604034
Duquesne,0.5589109201514226,-0.39189959042580924,108.06265247796844,108.76406394350353
East Carolina,0.86800259019647,0.7348527056087906,101.1393338384676,110.24412113227217
East Tennessee St.,0.3081445725126363,0.16393217586901326,115.85458186622449,103.49235185280932
East Texas A&M,1.0902548372982552,2.0614971123013057,97.95450317669246,110.61358483391865
Eastern Illinois,1.1437384308923657,-4.092429352249989,96.75663549095383,107.46525234717704
Eastern Kentucky,-0.10417730356580222,1.1537127335798991,111.42772119684197,118.74907513294943
Eastern Michigan,1.1719509181720726,0.015802431281486812,101.91126981605696,107.42367542820055
Eastern Washington,0.7479397111044858,1.1357840442636584,111.44155848536052,114.38981626868645
Elon,0.5322247620249079,1.27675418953031,110.86708800328373,113.01622590067618
Evansville,0.7001169062660771,0.8494773554413386,96.6851916957374,115.22057357513518
FIU,0.7515211841484023,-0.03340747061514283,106.60078864996427,107.66780315852439
Fairfield,3.857701739040253,-3.3903933313413805,107.09359054911472,106.53717281780564
Fairleigh Dickinson,1.3534012907151407,2.524628912176165,100.311779696457,112.213631295845
Florida,1.4037871155987984,1.8450495146368477,120.70832550952896,97.8007869224602
Florida A&M,1.5289076015032823,-2.953894028674609,99.03211747578274,106.39908532667613
Florida Atlantic,1.728762477732212,1.3280778426302025,108.3029226202648,105.89717677368469
Florida Gulf Coast,-3.2236397207154215,1.805028489411825,108.27253706886256,110.44824078747395
Florida St.,2.493379214035676,3.958197480259226,110.6826553785804,107.1182787850156
Fordham,0.9202172299851422,0.7360319287697239,104.568174649492,101.75233311746817
Fresno St.,0.47459954260768933,2.4192448094082386,104.32502957528914,106.51524066401184
Furman,-0.5936185609777366,-0.44889259810596926,111.17649678451167,106.68023682708757
Gardner Webb,0.9589843537180318,1.0469998358670771,93.18843308280587,122.0856796947027
George Mason,1.1591196610594998,1.1740461449378814,112.25351258829674,103.90622893986291
George Washington,1.264358325936048,1.0026211788309365,115.62432971901335,107.34097056207816
Georgetown,3.9579996950398075,0.8841564555027965,109.19775839446892,107.95361418348666
Georgia,1.2938692375364529,4.494321787416937,119.99527663083023,106.78186690278758
Georgia Southern,0.19741436082693606,2.4488914267615356,110.74608056662126,110.7469053786241
Georgia St.,1.1921825414299227,2.8532817421881513,99.22239478767034,108.50561780884219
Georgia Tech,0.2728475896425391,2.4433785834007846,101.81617558980716,107.10386009788922
Gonzaga,1.2013679266816,1.2087847909519058,120.29575279313275,92.97857004881635
Grambling St.,1.6172042322510887,-0.5799276212493463,99.77055029261685,102.98062342001863
Grand Canyon,1.42356645472702,1.2618583896393636,109.72328571564081,99.4967679242698
Green Bay,0.5315858998914404,1.0203160783291114,114.61535216830286,115.49418075798003
Hampton,1.1028620234256048,-2.59086177243126,100.7919512572468,107.28115669341443
Harvard,-1.0400126989860647,0.5046099756519442,108.76375136789149,102.90464658246312
Hawaii,-0.9376218446888228,0.620241015711927,108.17891189481699,96.66776433002795
High Point,0.8037456140595409,0.24555946163263262,120.47947831711826,100.35663715944841
Hofstra,0.9666788557161046,0.6050773006034617,113.48186626921901,101.60439457053408
Holy Cross,1.7322290099972546,1.7874473859607,102.27165430679437,113.47743678753208
Houston,1.5708116558169165,1.4643697255921697,117.20012632533705,95.40855808572154
Houston Christian,1.3609782939262434,1.9659781509439682,102.37640398180488,111.68710579755094
Howard,1.9403231770921896,0.17746200609453525,107.77931221145595,96.89642615456006
IU Indy,2.795517760344676,1.0953684497572327,106.11266098707965,120.15678786167946
Idaho,-1.4872391187946254,-0.2634538976988624,108.82487346857096,106.76695433638446
Idaho St.,0.4975954905438441,1.2526108261943887,110.52043667816692,114.9996044422166
Illinois,1.3072123596332066,2.3094624635843446,125.14553250039904,102.84340764756182
Illinois Chicago,0.4770586490812252,0.9199621083179735,108.1085880339195,104.73452930310856
Illinois St.,1.2441745605350787,0.959071543217713,109.81364680836609,102.31190523720082
Incarnate Word,1.2619525088336252,1.4506134262258235,106.2335396327459,115.50028774524887
Indiana,1.5844314725214528,4.9241475990584656,115.95603076336324,106.8280985370079
Indiana St.,0.630832106168974,-0.35174990158908576,102.11715689819438,107.09950837761477
Iona,2.397268518931616,-0.4592995392039067,105.35410609490488,103.89722754483444
Iowa,1.3696844414688976,2.0853678670193627,118.65864355765342,103.71820454959412
Iowa St.,1.5310543350830383,1.378742339431968,117.92582927639435,96.88313984934528
Jackson St.,1.2474667922669438,1.6021194356844017,97.60108951925167,116.99290945646784
Jacksonville,2.6591220855919024,1.304578228514949,105.19937968836393,113.88321576283137
Jacksonville St.,1.3630308402312543,-0.21708579886296708,105.41961479255438,106.573336149471
James Madison,0.21639077647271687,2.8105603264043104,110.26571317351394,109.45524998622257
Kansas,3.6585455232956003,1.887607415442041,110.96131909917814,99.11854410555448
Kansas St.,-3.097050841772649,-0.819910439702608,106.68133619291687,111.22578225198593
Kennesaw St.,0.4634247942727052,-0.1738772746544737,109.85333576592372,106.58883188029843
Kent St.,0.22760678439047896,1.1308875675996906,111.51207024327486,109.40506814523022
Kentucky,1.658972613695483,3.973623788202495,116.25562722529115,105.40298626779023
LIU,-2.1843941851370343,-0.08785064689411953,109.01601744242886,102.23017978127712
LSU,1.4912492412782552,-0.7519178896883738,115.22328467911653,111.22751427986306
La Salle,0.6036528276537113,0.315788534768114,98.94457861250548,111.09939531731017
Lafayette,1.6489511508808972,1.9561839337831786,102.57212945071393,112.75728121233617
Lamar,1.2958369540229282,-0.8426315923476883,102.40362397311735,105.9241093267491
Le Moyne,2.5313610129023845,-4.10791715904775,105.36562800450072,106.71530637219266
Lehigh,2.084648171936937,4.70812635309664,104.45601735831758,108.84240208759088
Liberty,0.9905362031450271,2.011117112056831,117.36399507775177,109.48444543164852
Lindenwood,1.433710545435985,-0.1125032882836367,100.9793741129241,101.93098123100626
Lipscomb,-0.8822524034298905,1.2130046171454283,110.3933141192983,108.58288064598726
Little Rock,1.2574139978825978,5.357362836479695,102.01148023070735,109.47339564713727
Long Beach St.,0.8071865982018046,1.7638323729556464,101.43004249135153,110.04123432849458
Longwood,2.557030839283573,-2.5910721131331647,106.44121230724603,106.75331437465539
Louisiana,1.1902993433029643,3.2968332892884797,99.21000915255394,109.34236993478515
Louisiana Monroe,1.185362327826137,1.3620873203913593,99.53250891831277,119.29803552491654
Louisiana Tech,1.3179557573827239,0.5600938742223448,102.53379531269138,103.07172338565633
Louisville,1.4954686494400349,1.8786568571931235,119.54270211202332,101.82808450404312
Loyola Chicago,0.703968081590907,0.8235596878693442,100.48763513165632,115.18889627358055
Loyola MD,2.3329954478967894,2.3676582565255426,104.94204006698618,112.58798563126756
Loyola Marymount,0.7130214637506351,0.9855129826468714,104.98124836357718,105.04557318124166
Maine,1.3245421872905265,-0.5342119536113747,94.65608034802393,103.51600114799461
Manhattan,2.005525001381249,2.0200924304389583,104.94644300823975,114.98511373132416
Marist,1.9224965216738927,0.4653579166515556,103.37320178980713,95.53912188490949
Marquette,-0.24925563547304141,3.216183724438539,104.31890412893188,105.95316041472346
Marshall,0.6904007691054127,1.829873214029465,113.19503306325132,110.32294948695876
Maryland,-0.1254521045411848,-0.1153583265600096,103.34404520432713,113.99314398079751
Maryland Eastern Shore,1.2680370582126057,5.395658027698648,94.56197273414061,109.10770236920088
Massachusetts,-0.8667622490498212,1.4064497304110248,108.7861782397486,108.29768642921042
McNeese St.,0.8468777441354577,0.597057836210002,114.81700462823935,99.87767982791102
Memphis,0.13001076327420247,2.030137017491138,103.95233706350128,105.38873656516789
Mercer,0.3275721312199372,1.6117229789710237,114.45431268520986,110.91896537725309
Mercyhurst,2.107866688045633,-0.6799322655042774,103.78743217585269,103.53788280544796
Merrimack,2.1710395419550954,-0.1915986447827401,106.40519461755842,103.67152009815274
Miami FL,1.305748063704381,1.4495435219381636,117.11664146103736,101.99344433070044
Miami OH,0.6928826023773746,0.31051153565052014,119.93068462597567,103.5133303650439
Michigan,1.4960535937607402,1.6806740718226645,121.24519315564943,95.29332055276812
Michigan St.,1.5667302881582288,2.111166689093464,116.72255676299996,100.3534011359962
Middle Tennessee,-0.6686319577055251,-0.09257693053299387,107.6622231482693,108.63934696058709
Milwaukee,3.319075464660338,0.9301130127867567,107.24879418145159,115.43370058312522
Minnesota,1.8872922907528886,3.635043537262933,110.43680449305849,106.11326082244156
Mississippi,3.369945590124345,-5.208930767424172,108.29865293040483,108.74169231430614
Mississippi St.,-2.8029700560809494,-0.5246615737654321,107.02682340886481,112.54107686294452
Mississippi Valley St.,1.2651953586777993,1.5836466784298742,90.13735330889794,119.27414339713309
Missouri,1.432063500574877,-3.4073785461318407,114.43287578205201,109.1404519000884
Missouri St.,0.7668631202356188,1.9460385636357205,106.75961612464144,109.37395269581323
Monmouth,1.1623787326088166,0.2649072021973129,105.7255493440346,103.97274746987017
Montana,2.0689977838644964,0.11715340666627239,106.90660729116169,108.19550250064215
Montana St.,0.33852766970506576,0.5495598471925353,111.4569727587705,107.26083018886297
Morehead St.,2.683956932496617,3.8073810117043343,107.3080446770036,110.13566706077332
Morgan St.,1.4489595233682306,2.7847493193714965,99.3603575333629,112.94263186866769
Mount St. Mary's,1.405947054083292,-0.48235179341141227,99.87972390474668,103.98357632800936
Murray St.,1.0411096378402307,1.0844668406959144,115.44660267095105,109.46963812357335
N.C. State,1.5285030748027968,-3.3619479942739128,118.24904250138987,108.25646973381978
NJIT,1.3337832107946654,-2.6018487195857944,97.25630493665375,107.92020238396424
Navy,-0.16133753741802812,0.355949251676263,112.94025659536436,97.67437092861047
Nebraska,1.5597647062135547,1.4904873876598999,115.06835269175711,96.11690584296242
Nebraska Omaha,2.779208646039696,1.5231475089954443,106.55910065753721,111.49887481954742
Nevada,1.646672153825091,2.6247725116947356,112.34085269211573,106.53278986296935
New Hampshire,1.2210506576443765,3.1551273958360886,95.848688225774,110.4738371577301
New Haven,1.2563305028287979,-1.6504715222906998,97.3969452079803,105.56448877054787
New Mexico,1.373956559393442,1.421925608013091,114.67786567466396,102.39380096105687
New Mexico St.,0.6507936902099961,1.8203424678464692,108.58949144699679,109.04256684880065
New Orleans,0.8253947472353713,2.4946388766045176,105.8738763419027,109.60087915596934
Niagara,1.4331825374155425,2.604138403066352,100.54318812089608,111.72524271858774
Nicholls St.,1.1536945144010213,2.1462683773980458,103.80167595319125,110.50656410760715
Norfolk St.,1.7697743878691392,-5.430332565393014,102.6786175648979,107.75352894657415
North Alabama,1.8255676832041452,1.1894440321908162,101.8081303815211,117.12579163272264
North Carolina,1.8616366533528819,1.9726638086761923,114.66892699994945,101.88049745216696
North Carolina A&T,2.3139869440134984,1.7027553584277704,106.49610207192167,112.08662343496016
North Carolina Central,1.3359130825128946,1.83648663290706,100.61903112360393,115.77422249926393
North Dakota,2.4629932101143224,1.3324044933556622,106.33909510104097,114.31066016487667
North Dakota St.,0.3268688929530596,0.2678677296610686,113.6847441125073,102.40574058980201
North Florida,1.6559376472300011,1.0957762720362707,105.524020208782,123.25800210377923
North Texas,0.8731055754087383,0.9876748926273928,103.39197557621532,100.56003210063955
Northeastern,1.2169920714547058,1.202981949712591,106.23599706083283,116.5897199356883
Northern Arizona,1.479042411064658,1.0709128079481518,104.44123175689968,117.77180128620174
Northern Colorado,0.42609444264177865,1.6757622144898068,112.4980078095183,109.26037071340123
Northern Illinois,1.123665649410773,1.1792611245572748,95.58913954224825,115.39959506116045
Northern Iowa,0.6690005396931772,0.9945529010207108,108.05292170485424,96.80326762389119
Northern Kentucky,-0.12105202405522146,0.9414808926244167,112.61100932506704,110.44409377138491
Northwestern,2.6152918780549963,-5.4256701923523245,110.71191379325926,108.54268920882534
Northwestern St.,1.13376759107007,2.1286886628615744,101.11842216592004,111.14143183674128
Notre Dame,4.807004751865522,-1.5368345725263535,108.93103411076567,110.00605833756497
Oakland,0.8015466841483976,0.8540416304521504,113.23947057199581,114.99579178769885
Ohio,0.6976534233484097,1.1978461879242033,107.54619556076739,111.59858164633705
Ohio St.,1.494632662867897,5.0103605425549,118.44693148058437,107.71909745450118
Oklahoma,1.2721793087167446,-0.7437832469822219,118.94130271483294,110.9850769721435
Oklahoma St.,3.2904498020153254,-1.5913658080047246,110.26803551610575,109.94059707970992
Old Dominion,1.7257864433094572,1.6848236483992896,105.89408072687479,111.01406024954157
Oral Roberts,1.3928398000653444,1.1210023366297586,102.06513037096182,113.90544265772343
Oregon,-0.7356912274896852,-1.0165253665388148,104.87467039027761,111.42995071564934
Oregon St.,-0.6446380670785092,0.6901645325406313,106.17407617898068,110.51554516303226
Pacific,0.25159997012557056,1.077096598216514,107.97218206396485,104.71584242175842
Penn,0.3031690496924595,0.663644430742912,107.63374693451208,105.23721583899683
Penn St.,3.178428803625878,0.4273968731923912,109.3689718387988,118.41657883885415
Pepperdine,0.6540056690686568,0.8576034936440031,99.6512143261179,112.8721205873911
Pittsburgh,-1.8026740114456217,-3.0294494729226185,106.30660409698245,109.08277638459529
Portland,0.6037337873802602,0.3399913646054935,101.74317516873381,110.45168214313034
Portland St.,1.8977560411225176,0.8538541619412121,104.41133248770686,101.84781784116683
Prairie View A&M,2.1622110235219902,7.122117016456654,102.81222888163643,108.78862187460086
Presbyterian,1.578865543205131,0.6920466863379248,104.56036646064419,108.1360407205988
Princeton,1.1294568317233251,1.1092652673941412,104.24546291994125,110.13754778384387
Providence,1.7409111834364415,0.10659292832994621,114.90893550344931,111.76648871370516
Purdue,1.3571162745999221,6.677665337240784,123.78734013965904,106.95252210427269
Purdue Fort Wayne,3.5622867314199773,1.0257361144611377,107.0771931827762,114.05682496888932
Queens,0.5259317940268043,1.2362193506868338,118.71308873008365,115.68932595971508
Quinnipiac,1.8923220780751666,-0.22755946676235111,105.26977588475889,103.2262614343118
Radford,2.5844506260601325,3.461427689902046,107.5283931772523,108.9975177206917
Rhode Island,0.7055345203732928,1.0000233878561033,104.69833944935277,102.43496383374857
Rice,0.6769900358403751,1.1755237832065577,104.91697905012325,111.45525482639955
Richmond,1.169850852997315,-0.005702079902620294,110.98962910414026,108.15341948471323
Rider,1.1296746621204208,1.494825542790766,94.56781977606433,116.70704934048244
Robert Morris,0.27822169552137965,1.656304172211872,114.48547391014496,108.8348753780659
Rutgers,-0.4094865282457927,-0.43853941541705127,104.70985322122307,111.28937947122198
SIU Edwardsville,1.7562283207601472,0.12205253690358996,101.76511651426961,98.824399749257
SMU,1.51492331016721,3.420229361658487,117.8265658893344,107.84685785389286
Sacramento St.,1.1494516471684555,1.0443795340734414,104.62503714443233,113.88992764759546
Sacred Heart,3.408935922722616,2.352326743455741,107.34652804004081,112.94634874776382
Saint Francis,1.2460892679073596,1.4743490372632004,99.45855204536217,118.33989541788212
Saint Joseph's,0.5250600041789448,0.8649646673795501,105.28085886334551,101.5152616400074
Saint Louis,1.1123131116579685,0.9259518551565744,120.35793349500287,98.18801124294076
Saint Mary's,1.3643065750067551,1.2052415209169574,117.99786759010367,96.848177952575
Saint Peter's,2.2903879248579515,-0.9647773611658093,105.5617969652326,104.92161354596877
Sam Houston St.,0.8972759966790113,0.1762776241384169,112.72125383887645,107.37399851573116
Samford,-0.2887163386208222,1.697754514906608,111.89169745691242,111.21596699691354
San Diego,0.44412491203405297,1.0794154854483773,104.39429739591456,112.98735603974274
San Diego St.,2.3287987816821984,1.7534562190952676,110.33468125740052,101.55654422994041
San Francisco,2.619540013344385,0.5118747644996754,109.30506987353084,107.93201600287922
San Jose St.,-0.8948419894487053,0.7213171440748194,106.48750041268963,120.26050755055908
Santa Clara,1.4931061138002284,2.0653564825042467,116.73683509710662,106.07970404579378
Seattle,0.8574949158828571,1.1312255313797657,100.71552125381217,98.1083101875053
Seton Hall,-0.4270444535811726,1.3582465089118885,105.4182705501812,98.3722706910243
Siena,-1.2158683965650485,-0.17881266276236235,109.6108941049363,101.67356305275904
South Alabama,-1.8607500917557225,-0.38385229227291384,108.84060805093199,104.90851248388522
South Carolina,3.310704704283468,-2.260801653136232,108.61629298146616,109.89307465713209
South Carolina St.,1.2946201262186319,1.8222134757438169,95.86433950486766,115.93288123986973
South Dakota,3.070262405611991,1.6386504975717286,106.53636143333713,113.2414829281859
South Dakota St.,-0.7343740493757752,2.3997992300418374,108.12455161647954,109.33907037856984
South Florida,1.2230831056956104,1.2324418159518318,115.11589728092217,101.62678269442317
Southeast Missouri St.,1.9971903928295383,-0.6891856506690636,105.30849480518009,104.46641982382847
Southeastern Louisiana,1.1349990784930946,3.528274576645872,98.4863965371733,108.97847942465562
Southern,2.116493270722521,2.482934345681719,104.98707098228849,111.59103333538194
Southern Illinois,0.8016607350257254,0.9640424333061088,102.33401933150711,98.50469327773506
Southern Indiana,1.3376349491114785,-5.508018210414701,96.15352257132758,107.48943133300155
Southern Miss,1.7486255419932177,-1.4395997582400142,105.88783390826691,106.93521286672578
Southern Utah,0.7213704821965298,1.3947485848415566,101.45217328857925,113.71224787227403
St. Bonaventure,1.6563476403984503,0.8965341246190291,110.62593177433902,110.77629724583498
St. John's,1.9973636498169733,1.4922199278924588,113.1496242403095,97.89844757520855
St. Thomas,0.577124176989695,0.22862267798338962,117.69080114397063,104.257516265225
Stanford,2.5252769129253814,3.4858042816227774,111.47439670389616,106.7011801690929
Stephen F. Austin,0.45701566022057405,0.41987515927553093,112.13184015625906,98.39637992481488
Stetson,3.09264279263495,1.2382354262170194,106.37859231150438,116.70717565892656
Stonehill,1.3427028386392383,-0.42120459145963934,94.81415387214612,102.8644063458714
Stony Brook,1.1066819607807843,-1.9569963644724757,103.3350079018014,107.23090157429719
Syracuse,-5.020647036437041,4.249858529278173,107.35350357396271,107.1646042350757
TCU,3.3214541980185373,1.5849804039030384,109.62137753122282,100.62643634170445
Tarleton St.,0.8966373865934715,-1.484457047029157,100.14373027024797,107.82802381698339
Temple,1.2511423143629279,-0.9999381677414475,111.15042946304935,107.1834269801005
Tennessee,1.4844541164710794,2.086029006163362,116.86325077197658,100.69723700163911
Tennessee Martin,1.5711253537194438,0.2571375760695862,102.91977336282194,97.75508057476554
Tennessee St.,-1.0864479668606344,-0.41221013248015925,109.11486181183096,103.16943991795318
Tennessee Tech,1.4204729308568467,3.5247563849427617,102.97270803706954,110.59824892470192
Texas,1.316545553874995,-1.556162785370121,120.14136768878116,110.45680292138339
Texas A&M,1.2467600540184491,3.743512227432932,117.0408703966478,107.81490932645063
Texas A&M Corpus Chris,1.1536925713980686,0.39827767075559845,102.16753534862627,103.42337246060654
Texas Southern,2.157663139339785,3.2013607570461535,104.15494091096993,110.99671016700401
Texas St.,2.0036729488322744,-0.7536855513788981,105.16941382153136,105.4239060161276
Texas Tech,1.6476822906433717,4.47175812440076,118.67158102891666,105.75134343868395
The Citadel,1.7034973351860458,1.2107241015856218,101.71342764647903,119.76208845399842
Toledo,0.7713850453589657,1.0984718394239485,114.18372039669735,111.65523071303302
Towson,0.9518723177413015,0.8824383258340693,103.39081740248187,103.5466440696429
Troy,0.36238319124304796,-0.19605081547825237,111.38014683016776,105.4520842461217
Tulane,0.33704319492057344,1.4190107200765736,104.50333999975167,109.15130849545416
Tulsa,1.0635944029116438,0.6875417000687156,121.85506161839218,105.57579573962859
UAB,0.4620582666776326,0.868784058561217,108.24606851411639,102.89445943630854
UC Davis,0.6736709295583113,-0.6071762076314129,106.26223571024057,106.50471594754896
UC Irvine,1.052621429045641,0.8423844657341633,103.22011792759248,95.40555559823981
UC Riverside,0.9210760347924193,1.3737262390066378,100.46249023969135,111.46865080844836
UC San Diego,0.7351079015762768,0.6341805316851964,107.01363994188019,100.54038904373333
UC Santa Barbara,1.0266126222413217,-2.336361791360532,113.04189820458552,107.5916448924407
UCF,1.8807567279080932,-0.8368331116652403,114.50932437984748,110.62065571850775
UCLA,1.5568464639632278,4.123007764254384,116.91080003557117,106.5126030122486
UMBC,-0.1889305775234142,-0.368530194187251,112.84281989686066,101.08065504520745
UMKC,1.1762796525728292,1.0421380684683295,92.99401117245125,117.04384485726416
UMass Lowell,1.7679788791779398,2.737610848156526,103.53588948271339,111.68413866593492
UNC Asheville,1.6907010796579172,1.7293383907131956,106.63333403949842,108.83944478201164
UNC Greensboro,-1.6697019570726583,1.2322370374786762,109.75164990498618,118.06597488673707
UNC Wilmington,0.709943955876747,0.525041655001506,114.40280476479073,100.87203435122346
UNLV,1.6745850861320037,-0.17403354592792752,112.0656644718701,110.5721558926701
USC,-2.7097955530030315,-2.9305386179885984,107.67963839641772,108.2232572964977
USC Upstate,1.1966367308575043,-0.8909427281403486,98.84414290018675,107.95462734914311
UT Arlington,0.9930715705245767,0.6876796196911041,100.80628695016571,99.9008944807734
UT Rio Grande Valley,0.45422252091810644,0.3578480789538026,110.58730218251141,102.98639450150328
UTEP,0.8597422822739078,1.3799640545928191,100.34197723245441,109.75389792934405
UTSA,0.8878914391365099,0.9744986182805934,95.39437992444059,118.58592031705462
Utah,-0.9157235134239164,0.1444942921714541,107.87653517746493,114.64403591469551
Utah St.,1.278956045119802,1.8858020836571567,119.59796190667359,104.04073903359344
Utah Tech,-0.4878195186842568,3.0730831249976536,107.71158457713761,109.34719031736734
Utah Valley,1.1787659225031535,0.5871570728690703,111.06407170112288,99.79525951739637
VCU,1.2043537454733628,1.233049144260475,118.03022580334833,102.64171772757355
VMI,1.7273654240139404,1.1614227759817695,100.90329607687241,121.8793248664679
Valparaiso,0.5531051307886743,0.6445264271449678,105.33622646410217,105.24428474336169
Vanderbilt,1.3251842740139053,2.6029319720415804,120.92832463116575,103.81101785856775
Vermont,-0.5420587783609013,-1.3867509928206023,110.80254263838586,104.76901830719692
Villanova,1.6989577585961746,2.1153874273202167,114.69113163807056,103.86497360659152
Virginia,1.2780661804450888,1.53542806553817,118.64755386710871,99.27632187943962
Virginia Tech,2.055864848177583,4.699387885323204,112.47414548703048,106.85071042325352
Wagner,1.9080909796202494,5.606892578424853,103.83281423655053,109.1963909568603
Wake Forest,2.1376608250947022,-4.2281151827784935,112.27729901507094,109.08951118294495
Washington,1.8764925068697569,4.570408173849573,111.72515335948356,106.59797665543591
Washington St.,3.4324448691929605,0.5696789285404762,109.00984990411813,111.47810266554612
Weber St.,0.40852547268720535,1.6989164226562508,111.0513981240061,111.31992798933172
West Georgia,3.1901229335696635,1.3335580097751094,105.31570320646004,112.50584050829659
West Virginia,-3.036592138581708,1.3793947440774073,107.31972195788315,99.17802051874106
Western Carolina,-0.6888721145731563,1.1852730386337438,109.66995361910178,113.86055867515637
Western Illinois,1.1635055230624944,1.6891494770965605,93.91893213239787,117.8438390340077
Western Kentucky,0.6820059118219088,1.037664964022103,107.495040448291,106.38551232833399
Western Michigan,1.3467270700918783,1.1931535661944292,105.43515361839044,115.54105454483911
Wichita St.,1.2302166609672436,1.0976570911994077,112.02144551021904,100.30440761009815
William & Mary,0.7416982306860909,-0.9731099800650279,111.16352655182634,107.62435453001578
Winthrop,0.6514625083484703,-0.7757647990974456,112.00728435871218,106.9021885390099
Wisconsin,1.4808574514079471,1.3927831741808234,118.25526946135237,107.98283020598956
Wofford,-0.1311464628985349,1.4077760366508316,113.62488731847863,113.93527077384228
Wright St.,0.3016877720332986,-0.28815370614571983,114.52530309181522,107.87887247558055
Wyoming,1.3014657913931513,-1.8605615027022067,113.03474808341942,108.56807623831345
Xavier,4.043948586135337,-0.46766272405737536,108.18140028149172,110.84184382506582
Yale,0.958620128609388,0.15576319108957704,120.5368697299369,106.72622654798514
Youngstown St.,-2.4675118613897364,1.5695520732464998,109.05191351613519,108.7813711387912
