team,efg_off_gravity,efg_def_gravity,efg_off_avg,efg_def_avg
Abilene Christian,0.8859328053200973,1.1526052902577246,47.3048354189594,56.752359888549385
Air Force,0.7249376380687441,0.7190715589784674,49.66932022181046,56.58018693692012
Akron,0.8600317241865546,0.4200873030430839,59.233316635774074,50.934410066966194
Alabama,1.5102149649582521,1.8933876145726822,55.68197237027782,49.122462181851766
Alabama A&M,1.333661195722405,2.716932053663213,49.647340609787285,52.38196006724779
Alabama St.,1.2458045245137686,2.4625080034694444,47.48086774296957,52.20860877964786
Albany,-0.20892335207141746,1.6100079678735966,51.649533232043744,53.16917190111949
Alcorn St.,1.1853586472149975,1.5526092285373703,47.821985256434466,54.96404851355668
American,-0.4083151552067715,1.1856198799605007,51.70442570023743,54.22049399526458
Appalachian St.,1.172866071028956,0.7316412898702654,50.161169916170294,47.70873053831613
Arizona,1.480322488481749,1.310749099146098,55.06799994027564,44.65491147059335
Arizona St.,1.54910944164699,-1.514108167633835,51.85566031938429,52.3689673152065
Arkansas,1.345455311667905,0.14096848244432933,56.74834560274871,51.606115543795354
Arkansas Pine Bluff,1.4407990330471545,1.8892298727364094,50.273213776216096,52.14576867679804
Arkansas St.,-0.06962780598568691,-0.07842550183467017,51.71537344838529,50.453124544047505
Army,1.671787065198079,1.0558508578722445,49.27423597204059,55.58070976712895
Auburn,2.2184896428150087,-0.11049344643992193,53.035390631748626,54.11525548717201
Austin Peay,-0.5883554995793681,0.5906957665512151,53.33638469082165,52.45951759006534
BYU,1.5354913106683281,0.3222600801707138,55.02396794046423,51.57927817978062
Ball St.,1.3101248754734505,0.6924564042426005,47.132984934171404,52.66294695865601
Baylor,1.7660035527793867,-0.01123562597451029,53.96782526379331,53.05788345817385
Bellarmine,0.7353821904743407,1.0524708467060924,59.57888151621271,59.94636901307333
Belmont,1.0294527411036147,0.8087148183857391,61.2151814639178,50.329984149278154
Bethune Cookman,0.3120221826680794,0.15681049982573783,51.46986638314631,49.61593753665866
Binghamton,1.5737963471898584,1.6602386659557182,50.116853287384494,54.65583017292233
Boise St.,1.521399641288714,-0.5258251467078953,52.66409896199153,52.68518348896661
Boston College,0.8202600921968857,1.4737310392856422,47.20504515224243,49.08707556245872
Boston University,0.7475996517446242,1.5161091986643154,58.671144497651305,53.90756168192669
Bowling Green,-0.588007244504967,0.6786422937701245,51.86995168644169,50.734263182093
Bradley,-0.1511100417251439,0.2825169352614817,51.127617954228455,53.02826334238268
Brown,1.2580604519063423,-0.07488000239136394,49.00482636547394,51.72130054443129
Bryant,1.0840988423332865,1.7005424031696057,46.880836218962756,53.027599380945894
Bucknell,1.3788020046640033,1.0161070756343482,48.38499608175326,54.7009647242945
Buffalo,0.7247831837204449,1.1459790068629974,55.60907114849728,55.174369034412415
Butler,-0.8177780358553403,-0.17371335476315997,51.11930068744396,51.78981884420943
Cal Baptist,1.350695977540639,0.784770413984384,48.786601880310386,46.13997257603361
Cal Poly,0.272477741887152,0.9136864730750425,51.88781331318701,53.91745153875066
Cal St. Bakersfield,1.0215951207064422,1.2024597674257824,45.80754769745598,54.147101845781926
Cal St. Fullerton,0.6471137943086734,0.9547147586767051,52.288471398427575,55.15508253996963
Cal St. Northridge,0.6024651203445871,0.22562652403748198,51.19343348857316,51.748251913936016
California,1.1038207898316306,1.4092942126573222,51.94104953218132,49.16020378846473
Campbell,0.49291287644520015,1.0459689301325725,50.29322877736928,54.04962902157453
Canisius,1.186063540365211,2.052973088720758,46.42546714476006,52.20469260133038
Central Arkansas,0.12818562613119475,0.8877029640840172,54.252775151131104,55.07868175426263
Central Connecticut,-1.0076146957477807,-0.8868311801733381,52.24828040710405,50.16261241061601
Central Michigan,-0.15632739010194438,1.0513737797604108,51.98399307367446,54.178788376783295
Charleston,1.0376795096757683,0.8660167823081028,50.79038560058665,49.24877280651041
Charleston Southern,0.42340176662347123,0.6806172422564574,54.33907285828529,47.00023683294094
Charlotte,1.1744550903346616,-0.22496248979631026,53.90217409400353,51.15029668649681
Chattanooga,0.12494184566640384,1.0217630294548805,54.369066447664174,52.001647069494446
Chicago St.,1.1258896244659666,1.1678857413671344,45.59772259747242,56.567101537866044
Cincinnati,-0.7004043162935258,1.3603797404818174,50.70097805193913,48.25739989391877
Clemson,1.566930763299578,1.367817310457185,53.36884971818806,48.450372882798256
Cleveland St.,0.3980215160573417,1.0383501383414835,54.44009631854553,57.74005805565382
Coastal Carolina,1.0960137304318105,0.6825008536690252,48.183924646871795,46.83439343423307
Colgate,0.3113862001518032,0.7796514189805036,53.49532406529178,52.330509941748296
Colorado,1.7777133283082176,0.010263758345129421,53.30102730658559,53.360118674853624
Colorado St.,1.0031924934766883,0.5199082432906783,59.38222140014318,53.567898501250205
Columbia,0.7107776133614333,0.23977433345903063,53.677381388494254,51.48041760868058
Connecticut,1.4123545105077853,1.159353447556229,55.628766454901054,45.50701151014587
Coppin St.,1.2294668209644866,1.638668443866976,46.08653206398794,55.39461059531539
Cornell,0.9863118896814433,1.0272836037385413,59.14324535945931,55.470484106096045
Creighton,1.6623301602957197,0.8057886607460994,53.35842058598959,51.407197482729536
Dartmouth,0.008545499878462879,0.5415534536720481,51.92518933851056,53.0049938775749
Davidson,1.4620289988387443,1.1026409750583508,53.16294237650479,50.63556071906801
Dayton,1.352639741498334,1.4389446349921118,52.74093940690685,51.162982252460516
DePaul,0.24543097862432842,0.9910349086305339,50.22934931041197,49.86449791555465
Delaware,0.7554840297851123,0.3854535565733439,53.23357349781323,51.75206745075613
Delaware St.,1.185744810390888,1.9945413717690303,42.965124359331504,53.97699259758315
Denver,0.423145745590333,1.0274128122312496,53.79548873729748,56.188195909669886
Detroit Mercy,1.8061462238975956,0.3959416422037905,49.75361890544105,52.2346589865773
Drake,0.027314403064430063,0.4305242673152763,51.58192096642154,53.0514663721492
Drexel,0.552654817444166,0.7039889615410665,51.15246213453573,47.26975674465301
Duke,1.4003538181062647,1.4513391206787671,57.487688524060474,45.9269295007421
Duquesne,0.8171803819548672,0.19525554776752815,52.714219139108565,52.81776642132
East Carolina,0.8643360448676424,1.1797804911317233,46.75020256400471,52.67199801418357
East Tennessee St.,0.41445982599376047,-0.5942064228331461,55.38144845429675,51.27908940558413
East Texas A&M,1.2597636692257532,1.7508625939047857,49.56420261721589,52.80511648335757
Eastern Illinois,1.0111300213232053,-0.9048796747308759,45.640937171429655,50.74109321946173
Eastern Kentucky,-0.6837291013476917,1.0307118441633913,52.57588964675299,56.16636931713627
Eastern Michigan,1.3009059257246383,0.8770027575077817,49.902491907606716,50.244819066268136
Eastern Washington,0.7652275374982556,0.9338857910065993,54.437686548936725,54.71033541972425
Elon,0.28572803649887973,1.0971648368657332,52.227752941494465,53.97895633453384
Evansville,0.3833130869403963,0.6805743399589039,49.2917482929113,55.25919449525251
FIU,0.4425186371751139,0.8205985660356276,50.74391648131488,53.109377314508144
Fairfield,1.2602924850483865,-1.7382825989497421,48.84086436741604,51.36163153946596
Fairleigh Dickinson,1.264263088447952,1.5378533671589643,47.55695937832852,55.47187058600208
Florida,1.569011638102208,1.5026449400408028,54.14736235559978,46.20095829818718
Florida A&M,1.588343267707115,-0.49950898346961525,49.47779415317684,51.54814712964935
Florida Atlantic,1.222735615447456,0.5894037083185916,52.16025523129569,50.17286854665932
Florida Gulf Coast,-1.0053811907503054,1.0828482241474633,52.33100857045463,53.36633431186362
Florida St.,0.9612553244177324,-0.5534394870341883,51.805392041575104,51.80368224417506
Fordham,1.0220062321798666,0.7668128483016007,48.95438110584103,49.91913494130667
Fresno St.,0.4995310259258062,-0.3410554928337883,50.8109988984297,51.75036290912578
Furman,0.4427250677865991,0.6623268869233905,55.036983145033176,50.159508517137525
Gardner Webb,0.9992032912591476,1.048101654480642,47.945022129141215,56.81421484924162
George Mason,0.9593487931686856,1.1317045006634343,53.270053482639476,49.65145849312998
George Washington,1.148812071989594,0.3214195218466498,55.19152081460708,52.38167737465675
Georgetown,0.2590363006005536,1.2421961394289083,49.94806233961882,50.226973220701844
Georgia,1.3031896592482655,1.8111009912661569,55.18477990642709,50.17935299027505
Georgia Southern,-0.013317491749212141,1.9898060202549814,51.68169967984837,52.66112050890234
Georgia St.,0.9768080683005349,-0.30060227530183414,44.46472894805287,50.925607086791544
Georgia Tech,-0.1894143658947058,1.27134926656537,50.30372449872797,50.29157055972523
Gonzaga,1.2022862147489102,1.2463342061752223,56.15321440524641,46.24106524854754
Grambling St.,1.3720410922529647,-1.1841118994393076,48.93935130394708,50.4886720942385
Grand Canyon,0.05197134005685748,1.2592452218144383,52.00700965951979,47.452809467495975
Green Bay,0.4535434788882104,0.7291140332008478,55.2354368969168,53.834821024854534
Hampton,0.9657826533517352,1.8124205887466003,46.00621665939938,52.23155450200361
Harvard,0.5368141314760061,0.6122418433508713,53.6109940009194,51.04256130770182
Hawaii,0.13087120372411595,0.7562206532379219,52.86272983883145,46.843080070281765
High Point,0.722312253483998,-0.322642189111804,55.147941919153034,50.107817309277614
Hofstra,0.18418440793947577,0.823413885601847,51.787530554011354,46.05900467003156
Holy Cross,1.8332372443432048,1.1544524342629325,49.96131800694128,55.00414253608322
Houston,1.955021083029351,1.312830461542231,52.27508895512002,46.73411084409623
Houston Christian,1.5197264431549455,1.4432249313226966,49.99778067345535,54.572218876074444
Howard,0.9613299476904708,0.20375246947826905,51.386978537958676,47.69908027846282
IU Indy,-0.700013616161551,1.014991483163596,52.19170206503612,58.41705732488663
Idaho,-0.5410552411884275,0.5907073923053238,52.218633961567875,50.99647050048859
Idaho St.,-0.3327404410699694,0.8795622745886249,51.946468228412606,54.93692932860817
Illinois,1.5069770408751857,1.5975569421322982,55.13426326270272,47.66495896137222
Illinois Chicago,0.6626510228027325,1.3357622502397812,49.680275794659806,50.338780707109194
Illinois St.,1.1530172358190125,1.4748748086590677,53.79675931070556,50.38862243302891
Incarnate Word,1.3076377191860646,1.3644545438351474,50.37491362741904,54.73375242874211
Indiana,1.3114577342330247,1.8624172255303224,56.05361239889415,49.46151080713587
Indiana St.,1.392047927538808,0.7805817434845321,53.09139792490624,50.32567898809169
Iona,-0.17061850370390064,0.028068818691122294,51.921889897083645,49.179697269449164
Iowa,1.2451567247364492,-0.4308949160891753,56.45513063063028,52.6366533408728
Iowa St.,1.2849581944228037,1.5538994360022278,56.22134286414891,49.89426368158072
Jackson St.,1.0833446511593519,2.0513662526017638,45.85336029611486,53.13464413517207
Jacksonville,2.1715426527280868,0.9491255123120006,50.14208708458417,54.64246275473439
Jacksonville St.,0.8525935587015208,0.4040622847644217,50.074375957693924,50.16139119800879
James Madison,0.7175901368138734,0.4707427852982997,53.43237296308304,49.04031556209226
Kansas,2.6722825349290797,1.4133279519722697,52.580787154430084,45.029827697639035
Kansas St.,1.6758389981419763,-0.8067175099545869,53.39559475820872,52.487922561048556
Kennesaw St.,0.4265282234851603,0.5791504292560473,50.89591583662037,49.6226378299858
Kent St.,-0.17982619766062496,0.03971726756715496,52.65960842020522,52.28183121736286
Kentucky,1.9107753440646376,1.786418856959222,53.282024403517376,48.752261004693416
LIU,0.08615718566613038,-0.22769180859429794,53.3639140695092,49.80068443522409
LSU,1.5148466205342483,1.6621389796154256,53.43000763342746,51.17265662978405
La Salle,0.7686281600757807,0.6283856310655654,45.96449356667323,54.63281897229176
Lafayette,1.514043529168293,1.2739648828489665,49.46101608738771,53.808829643078916
Lamar,1.2746861478747122,-0.6838356517800692,47.85041959829758,51.02688261494677
Le Moyne,0.023359592000669952,-0.14089441777257772,53.47998127707109,49.20385291954123
Lehigh,0.0993360722006517,-0.4533699434532502,53.528838440022845,51.04892351010609
Liberty,1.0368803505078843,1.4788688253091218,60.208645768806704,53.00576928583647
Lindenwood,0.9952515981993285,-0.0022711949181948407,48.07613213727707,49.2738505386239
Lipscomb,0.3097132274144563,0.6616136014742521,54.349459320633336,53.14553970303991
Little Rock,0.9750819766307484,3.0910503255333377,49.68547805312245,52.15883167322636
Long Beach St.,0.5880728604307304,0.9920550328552425,50.87732828849623,53.99783198867025
Longwood,1.5024757578158447,1.532333950683948,50.02893925351724,53.89862917450018
Louisiana,1.070456693964782,2.179167635711287,47.23316805224599,52.64948356821431
Louisiana Monroe,1.1084012393136375,1.2874799615996122,47.77671444261493,56.99710140418685
Louisiana Tech,1.0862922150152883,0.9006240757207371,47.8303752300429,48.53353114345207
Louisville,1.3692564726628287,1.5824794464088852,57.050863255742215,48.665203054625124
Loyola Chicago,0.6660856927049281,0.11368859956894939,49.95124542396413,52.477685168147175
Loyola MD,1.7178760266355975,1.4767270713168772,50.446210194305436,54.984080751342375
Loyola Marymount,0.7877787613699114,1.1905325569859464,52.06297328460729,48.78568030716162
Maine,1.5070116485660985,-0.9237893652192347,49.800187802777565,50.95439557491061
Manhattan,1.080300714277033,1.9880948862774408,47.93263145351878,54.048114187419756
Marist,1.3090758355510494,0.5467871829195016,49.4146896589972,45.68076953788519
Marquette,-0.2279208535492391,1.7665995209488619,50.629480124779334,50.37966200137225
Marshall,0.9915845358151372,0.21978688943385177,54.90499047934254,50.37781190932262
Maryland,0.37642076217875725,0.11819434171149777,48.318337116411996,54.19875580630121
Maryland Eastern Shore,1.4232642341880881,-1.0504736511701827,47.96306760265631,50.5092533219263
Massachusetts,0.6671010519551186,0.8510981890664325,53.373019413909695,52.630394522389246
McNeese St.,0.29055725422983514,0.513190000517082,51.44824068417941,49.148645278837364
Memphis,0.5428393301478558,0.9943403348420032,48.94938998508061,48.80398190979178
Mercer,0.18842440997810303,1.2584770432841152,53.59614125633769,52.735113797581405
Mercyhurst,1.7108783113926023,-0.5846191957739649,49.592854668445035,50.22521929786706
Merrimack,1.09277047559408,0.6011094773875776,49.38338729588781,46.83489758453004
Miami FL,1.151407174604244,-0.06591412298307918,56.26195949386814,51.658784017082986
Miami OH,0.8042157507083663,0.5209882246582271,59.18270584907286,50.65430588426174
Michigan,1.2582834065858661,1.3879240496944343,58.71350242906592,44.50956175384497
Michigan St.,1.6835557167295112,1.7797431935572119,53.79139921823935,47.9436485182107
Middle Tennessee,0.43168344746845794,0.6315503990829964,51.734525482562454,51.11628519161609
Milwaukee,1.6712100573873678,0.8774389650327913,50.127940948175855,55.663134479161506
Minnesota,1.2129243140131358,-0.9655357507709563,54.322560808460885,51.845541714418744
Mississippi,0.08857013098961566,1.7917841920433892,50.38208303126792,51.21394740067367
Mississippi St.,1.3327768331272245,2.379166281389337,51.885390252314245,50.75755343167999
Mississippi Valley St.,1.2031090286775725,1.616421568456364,45.37538781986163,55.327874434957835
Missouri,1.255997763970156,0.41166618330921423,55.63105524824262,51.53915966560404
Missouri St.,0.28070179551510643,1.0067146011482977,50.92133732243242,52.2056831460788
Monmouth,0.7408943466285355,0.11423674629291836,49.621719432674624,50.316492082125876
Montana,0.8016963527837385,0.7358681312140232,56.239198171705354,50.96928655394366
Montana St.,0.4743016640936846,-0.15294261367372436,53.64137951456449,51.72526394768509
Morehead St.,1.121289219757722,-0.4716314162235881,49.50590410847117,50.04107354993066
Morgan St.,1.2940190851435316,2.727953170218711,46.74663242099298,52.955076532931564
Mount St. Mary's,1.3044467085299516,0.4542313385253236,50.74841848889371,47.28781285485014
Murray St.,0.9836460205788979,-0.056394725455594576,53.79668439914097,52.463337304230116
N.C. State,1.453501049766084,-0.5941537122108028,55.12307408218444,52.74141699019282
NJIT,1.2111907843776235,0.04077884544155802,46.96573810096085,50.077435461626216
Navy,-0.2362676717490444,0.5923890355536942,53.55167386877045,48.09968068174904
Nebraska,1.2794899143688439,1.43299291321456,55.521325126972805,47.6506544870604
Nebraska Omaha,-0.8338011480066195,1.1359453382666154,52.282482113548305,52.770135068079796
Nevada,0.5086550450540395,-0.6339422078401731,50.202394514821144,51.81278437200446
New Hampshire,1.084615383708946,1.2645480175016133,46.709492540085215,53.199330906944326
New Haven,1.447992857869938,1.948935253088175,49.039774921306915,51.944546820041865
New Mexico,1.167761652200623,1.3501157276792903,53.92463107258846,49.89352559762362
New Mexico St.,0.9412397858775795,0.8258021974891769,48.6028194912286,49.69281685242762
New Orleans,1.1945118786063094,0.48494189038112934,49.78378336129239,49.096308120181796
Niagara,1.1033699168875006,2.2685187138879552,50.75509173218322,53.05625667435077
Nicholls St.,0.9524579064736921,1.4575774350593114,50.8480349006923,54.45861455498053
Norfolk St.,1.7011466670056705,-0.7383287415800133,50.077842367838855,51.543105043530375
North Alabama,1.6053366483582567,0.9793579824163408,48.31617590226027,55.3718875037185
North Carolina,1.5608765147881598,1.6015635217472726,54.736105369623054,48.397187492912884
North Carolina A&T,1.1722654793583667,1.5738043990204718,50.864217592168245,52.99328672253553
North Carolina Central,1.2486268911249319,1.6005648411397855,47.90324345687253,55.37808191190587
North Dakota,1.3528953647799569,1.06980797515197,49.299342557383774,57.1651952427697
North Dakota St.,0.15567906125442982,-0.08994726559528878,53.61433197343756,51.59886544507309
North Florida,0.29235669721620083,1.0426988483290318,53.00752789468383,56.5028078475437
North Texas,0.968795756667265,0.7037110808663968,46.74782126089438,48.68637194485977
Northeastern,0.9010761353591527,1.0347557013573565,52.51239175547643,56.35622232026548
Northern Arizona,-0.1707912505857462,0.9422730823803461,51.94185336860544,57.20231631302531
Northern Colorado,0.686362417754489,1.1040006975538155,55.99526992892203,50.499464240009196
Northern Illinois,1.1603207616930873,1.0083477159474192,47.501629622562994,55.48264235409614
Northern Iowa,1.1974758546573914,1.1110610695542487,54.43822095028037,47.274080834801964
Northern Kentucky,-0.1699042104448477,0.8617469190925933,53.50054123556828,54.65670916783294
Northwestern,0.174434770204338,2.5656351201079937,51.60643089028401,51.113028707149084
Northwestern St.,1.1753995475032764,1.7950768914952249,48.7212285713313,53.29264840939228
Notre Dame,2.028577169932051,-0.7459305073938651,52.37465964148237,51.8035069799909
Oakland,0.1822624098591911,0.7376041668068422,52.69524871248396,54.84685069674236
Ohio,0.7706592971686194,0.38236715840832697,50.9962181244125,52.90184012606272
Ohio St.,1.2997746792790164,2.2657919553462635,57.15196302922211,50.19556662393357
Oklahoma,1.179423914804056,-0.4436358399907977,55.341042684396704,51.72147858505176
Oklahoma St.,1.6796121001834434,-0.20264761012204147,52.10552998799669,52.84603629748374
Old Dominion,0.7814862124928675,-0.08068791312749025,50.920170639377595,50.90151802307551
Oral Roberts,1.643823004333577,1.024825027360369,49.78977357251343,53.65366148749068
Oregon,0.046719301773601,2.1830511791032245,49.4040264757912,51.27209442267924
Oregon St.,-0.055204482738398175,1.2856093440442273,50.59967709455607,50.40996266936816
Pacific,0.9508866933249464,1.1269256569575918,52.65906780513528,50.050090605969906
Penn,0.7042749396740886,0.18583613246593483,50.525214502993144,52.187250958024414
Penn St.,1.6143522868218918,0.697167948822074,53.54579546660018,58.426218011251244
Pepperdine,0.7527864347543783,0.7215856776825599,47.71929889868223,54.39748374158351
Pittsburgh,-0.48263474846145454,-0.27083392958332486,50.637106458322926,53.06267510486745
Portland,-0.18674709103099296,-0.0781714655678647,51.09954200428145,52.62946037225706
Portland St.,1.7472594885742492,1.0344506240179971,50.77764018102064,48.871908886176456
Prairie View A&M,1.3951365002905374,-1.597068279434748,47.3918288486253,51.314764958175296
Presbyterian,1.325372939663939,-0.7372219875954418,51.02881901248721,51.34729478853826
Princeton,0.9079086714570377,-0.014997818510415331,50.04362625567348,52.29900583501178
Providence,1.3221955910435599,0.14411869242841918,55.03739890389366,51.55037120515734
Purdue,1.2858840365320978,-1.216688927780572,58.133556704609575,52.77470221051257
Purdue Fort Wayne,-0.2223172653492122,0.9441920604962039,52.709505055697946,56.496384670403515
Queens,0.5103057127703643,1.0621300059689973,56.71420603809554,54.29871000534293
Quinnipiac,1.0260530090686946,0.1838172398564393,48.222707782393506,49.03315850254168
Radford,-0.6356088259904924,1.467814325920965,51.83873554547584,53.24670391355773
Rhode Island,0.743140042182669,0.8166040888593294,50.04768313490666,50.87574967993509
Rice,0.9053361952550097,-0.5300545748643161,48.76206591515997,51.415358542819106
Richmond,0.9307947887155741,-0.23895866709361915,53.10602435447097,51.8013945537739
Rider,0.980489357731873,1.4218533282081138,42.73175200592025,55.359326534039646
Robert Morris,0.29187763764180147,0.6586308084654551,55.16489810809841,50.51022811948338
Rutgers,0.6639160056797783,0.07415526322082126,47.51208603609348,53.34825160786346
SIU Edwardsville,1.3748642217727842,0.42647288407716555,49.6848538154883,46.11607627197233
SMU,1.3154629524459478,-1.2677683698537205,55.826081031218266,51.98321678794651
Sacramento St.,1.0587667837903112,0.7348868946820836,47.2885451231619,54.97088656147184
Sacred Heart,-0.15102400778984487,1.9961232342784556,51.92559297221029,53.766371110000534
Saint Francis,1.2385339732470224,1.187434157838381,49.227449371823056,58.992247362922164
Saint Joseph's,0.8386084121127547,0.9403032074858345,49.56234217152338,47.46741147990901
Saint Louis,1.01595266810894,0.956871525392444,60.25559094669155,44.97847787400806
Saint Mary's,1.6161328366061025,1.2541798693703003,53.01083108376902,46.74545355088403
Saint Peter's,1.079914190876941,0.2644981976897728,46.67821434461327,48.29809911326987
Sam Houston St.,1.0040635225236454,0.34013050583748045,53.37816309083717,51.235671183488556
Samford,-0.02817063635775731,1.071860845046227,53.457880431932935,52.36596072457926
San Diego,-0.4938700896882487,0.9293184337953619,51.28431778151104,54.92322224315769
San Diego St.,1.2849731206015258,1.5428546932433822,53.486544506766734,48.60744968825551
San Francisco,0.09633159149460009,1.1405618128546569,51.595566408109335,51.074843289717336
San Jose St.,0.6827521747117689,0.7679744874386627,49.49662323205681,57.81003173645475
Santa Clara,1.489557659426972,0.380940901190739,54.8351524079845,51.51009848453848
Seattle,0.6695464932652649,1.18842312587892,49.81587469626853,48.486274147633544
Seton Hall,0.6412341197561294,1.181775803227354,48.0919174664442,47.656441439825095
Siena,1.2033950538383695,0.11265289989795949,50.923349228728426,48.79808290356603
South Alabama,-0.024369920093137383,-0.34178415661238004,52.64288979518381,50.21117896537571
South Carolina,0.010378673918475901,2.190299665811496,50.42268748128501,50.9614401841369
South Carolina St.,1.2317656827224936,1.8192711394157737,46.715891395560355,54.13994362222483
South Dakota,1.7820651380142474,1.2446736364614035,50.08783538068931,54.43265833733349
South Dakota St.,-0.4838978140022997,0.5661917307318747,51.8935681140718,51.861117441167536
South Florida,-0.1485871878001832,0.9062879537890823,51.06271858828514,49.17460264970641
Southeast Missouri St.,1.1176419876861312,0.24344125001495212,50.084889035341845,49.03939327362562
Southeastern Louisiana,1.1344680509130978,1.837645497666766,47.000628317455806,52.53410494027881
Southern,1.2303463469050009,2.049298834311747,49.062708401518954,53.04034283240095
Southern Illinois,0.7192844165460839,1.1675692856542224,49.37516597392774,49.302783236114216
Southern Indiana,1.0812802218128472,-0.39857327739462367,43.71545031018925,49.64684383757693
Southern Miss,1.1655627990313595,-0.18073992086175134,49.23600297035965,51.565840639982824
Southern Utah,0.008844464337439541,1.2178505163198037,51.45684449437472,53.79800902339453
St. Bonaventure,1.3078147176995554,0.8230557235721195,52.656230476407934,54.13772770630025
St. John's,-0.6069721058450265,1.3635331215422541,50.8214003361102,47.847092588778445
St. Thomas,0.7679672238068721,-0.5040288889781843,59.69355466898001,51.16837815382129
Stanford,1.8864150970793692,1.135575942278267,51.99614830594399,51.42215223129251
Stephen F. Austin,-0.7248036465501922,0.4075492605309826,52.1142251859148,47.80666898788452
Stetson,-0.1562334138617676,1.0940585246397552,53.282059899389324,55.37215857608448
Stonehill,1.380396671116222,0.3113493021355866,46.828386107406736,48.12452446234629
Stony Brook,0.5756262059064577,-0.30016141893413656,50.598492965023155,51.18080718926998
Syracuse,2.3839825284783975,1.679657463055944,52.67086839726811,50.23032104090849
TCU,-0.42750980396346316,1.3862934075059674,50.70202385613484,51.163493990274844
Tarleton St.,0.9440602502344051,1.3462135945750977,48.39374040567792,53.89125758089556
Temple,0.43697076693669845,-0.4562635887912757,50.78426964908327,50.677623106053154
Tennessee,2.0800505488258296,1.6071944447847117,52.1285690607057,48.0804385045666
Tennessee Martin,1.0912482082937165,0.42563954400961174,49.018563938321485,46.0304148749339
Tennessee St.,0.9121753273010352,-1.2483851547326785,50.111977566518924,51.4322500755856
Tennessee Tech,1.0178155236856894,-1.4962541300409975,49.020324039007434,51.390725814885705
Texas,1.3848624654394712,-0.04536180658513111,54.939233774846436,51.63249762397309
Texas A&M,1.1525895028337512,1.8545070149732783,54.58948367754077,51.09187763369335
Texas A&M Corpus Chris,1.2289654907738679,0.05655108606970737,49.91347060830903,50.15926231918629
Texas Southern,1.6798998168695278,2.3591765750134672,50.25758604886783,52.46419058135513
Texas St.,1.3924019982613347,1.74257647572074,50.18679099728838,52.02123244735301
Texas Tech,1.357601135981524,1.8747128305907763,57.0096650719494,49.07569599738182
The Citadel,1.5204560004174748,1.054077102376902,49.34744677111335,57.72709829405952
Toledo,0.8073147500885878,0.7925667443963047,54.286926314322756,54.66800476599086
Towson,0.9011349847743977,0.9470231376267698,46.70204028715254,49.007320169402924
Troy,-0.2555602626764713,0.19306238721259206,51.852760743098095,50.244827169465275
Tulane,0.4856899340240929,-0.5228018474804541,49.83000955818647,51.13475225647938
Tulsa,1.0593512708571227,0.06511711789725486,57.32480709116172,50.13543452486124
UAB,0.9499969131231449,0.5300466508619855,48.317704195251935,49.51988857734473
UC Davis,0.5318434026307113,1.3080432785043423,52.444910671432126,52.78480172245786
UC Irvine,1.132407062121538,0.9800016009897873,49.685376098822,45.395925656012096
UC Riverside,1.1049132368520007,0.8448925493589651,49.273807495644256,52.807858946741234
UC San Diego,0.6771856870893838,0.7235450162089347,53.27049243630361,48.44590994860176
UC Santa Barbara,0.9427764413942188,1.3033652225573569,55.15287852470399,52.97252023419554
UCF,1.6338895246451959,-0.09358745517560735,54.211045157250844,52.64348083805857
UCLA,1.6486423995824915,2.1327711630811637,54.11315140826586,50.680645062679865
UMBC,0.12434364705050241,-0.17981592138836436,53.94571206456737,49.27326582274465
UMKC,1.2747173217576255,0.9941215137639432,45.92919715296591,56.14994546654423
UMass Lowell,1.3849147706361777,1.487811142036462,49.872233819391674,53.792165945873975
UNC Asheville,1.0415660436142744,0.1808267639460345,51.149065902418485,51.76100764925793
UNC Greensboro,-1.144442094742579,1.0665641265779668,51.97264825088784,56.47128528338397
UNC Wilmington,1.0341626743332764,0.6774025885294958,51.02116654946605,47.35203820151644
UNLV,1.2866414127034025,0.30349567106186726,53.60925175162585,53.1719222213675
USC,-0.26741125257206777,2.0279952429481947,50.50064904730337,50.060809331890205
USC Upstate,1.1704038150098675,-0.5055864377768917,48.614618232347055,51.08109207493674
UT Arlington,1.2210333384834309,0.8243178761946948,48.12504823017478,47.492847504445834
UT Rio Grande Valley,0.6944136295311191,0.5548970437386433,54.89750299219669,47.991691338376334
UTEP,0.7615999915573958,0.11195662314655098,48.42673592437207,51.81181282575393
UTSA,0.9261986060965042,1.2302792781560732,45.03325757356266,53.35482011618832
Utah,1.9333239059552072,0.3238831579526936,52.255649735891765,53.94539953389558
Utah St.,1.1218626476711104,1.5688947393160064,57.278851680601264,50.102602050157806
Utah Tech,0.7026837968813718,-0.439125844928626,53.25041063822221,50.7993284973983
Utah Valley,0.8995630880876305,0.36436983895968267,55.605104035288896,49.386004387995094
VCU,1.1463286811871767,1.1607233421213272,54.42343521242695,49.16403286142854
VMI,1.4901892757667778,1.039716862554462,47.4618544715367,57.271120802486486
Valparaiso,0.8395979716308243,1.1231609856728313,48.15250873366178,50.621356116786835
Vanderbilt,1.343063190645345,1.5845004374543727,55.5655080892959,48.71281869237452
Vermont,0.2982832529645915,-0.39400287314426485,53.5524504774174,50.44124704024943
Villanova,1.477200178525879,1.3578346590967971,54.22250992605177,51.21101814155225
Virginia,1.169049822439957,1.2221366541345406,54.89714715102557,45.56389933375415
Virginia Tech,2.3086478388351974,2.110693715438687,52.42163368416023,51.1989438093379
Wagner,1.64000167704433,-1.1863225739739915,49.638737264667064,50.64542067795519
Wake Forest,1.9637588805355373,-1.39705582647767,52.736441789652034,52.339121615478035
Washington,0.6294720068462739,2.1846262367627434,51.74159846593927,50.04757281805186
Washington St.,1.4408280457163052,0.3926870071216507,54.54763355812425,52.92116916636101
Weber St.,-0.3018235350228237,0.9526654173114024,51.87706482973043,54.86346769602729
West Georgia,2.1783645468978996,0.8975190867383054,49.82899899532297,53.7740797900118
West Virginia,-0.5878562228077417,1.3396336811667922,51.27077364328939,48.10915337871384
Western Carolina,1.6377964252667616,0.9685191017037776,50.60207952341854,55.004093997969925
Western Illinois,1.0327360047730192,1.9976955040116071,44.54019195380414,54.277641190142916
Western Kentucky,0.9258543789431991,0.5181922496346048,47.68424048676842,51.27557726398816
Western Michigan,1.1536392876815318,0.8951950540290825,49.951088904227454,54.38041178231631
Wichita St.,0.7769846134938824,0.8827538763715765,49.42165343840814,47.650118085680596
William & Mary,0.8650746212064678,1.0230599635825732,54.56825881071422,52.046487478769194
Winthrop,1.1461024932838269,-0.05308682506715426,49.92646482755761,51.56905637774425
Wisconsin,1.3600550555831334,1.971244323084167,54.87435741126392,51.314281526025155
Wofford,-1.0644731470577717,1.1563518020279309,52.6521817120393,54.01472117584283
Wright St.,0.3230325594969541,0.43782644689587275,54.81327790952669,52.12640982865025
Wyoming,0.747118988951626,-0.21499941035125636,52.46001265313365,52.5683946792994
Xavier,-0.20349333003309747,0.48736476754947905,51.53256750702834,54.04563281457516
Yale,0.9809943247179089,-0.1375067817405696,56.384986780552374,52.00495928991003
Youngstown St.,0.12273578294955506,1.0179433302065573,54.200633422623255,52.62803050933805
