team,ft_rate_off_gravity,ft_rate_def_gravity,ft_rate_off_avg,ft_rate_def_avg
Abilene Christian,0.6618700470934498,1.062266717454795,41.263162449349146,54.176157250269014
Air Force,-0.5860392605499948,-0.10587678383907845,36.58119093903045,37.042552939569525
Akron,0.9943766024448156,0.9735328190973952,29.44385881403563,30.575528259943088
Alabama,1.6008267739118058,2.5231857168139395,37.51009897387944,33.73570768456538
Alabama A&M,0.41950804172897366,1.4695359062203053,45.5058275437524,38.58602197012055
Alabama St.,2.8702036282072085,1.1446359844002192,35.62776355272628,43.62302796005142
Albany,0.9690060845397338,0.2265746599237353,25.555640521593556,35.99309284677768
Alcorn St.,2.1187248167209605,0.9766901835715668,32.63135706667735,39.96272452479267
American,0.8915511083554721,1.3031630649268866,29.13830308791241,42.66305897416484
Appalachian St.,0.4763849861970423,1.020589725902275,39.79719287113202,31.68941879019768
Arizona,1.1888865282928531,1.068889699746517,44.17519345564615,28.918189818887818
Arizona St.,1.6008680445832704,1.2962271144221498,40.3452745893109,34.63415856735458
Arkansas,1.3068252214625256,1.768492406428854,37.04563601861918,32.28215155201257
Arkansas Pine Bluff,-0.27473635434166055,1.0686792931601032,39.29253874428691,44.226272780826946
Arkansas St.,0.6072696849744003,1.1999914061863801,39.949021015819575,37.651185872869334
Army,0.8604085664689584,1.6695746045292066,27.421137399422218,40.48839230937855
Auburn,1.1174420876091613,-0.6568361404746761,46.25829763434171,36.01783836892301
Austin Peay,0.4060726828525747,0.10896033886527355,38.82370630330047,33.13845606518711
BYU,-1.4668320048828145,1.0703320232884375,35.540539636679966,28.79475890145161
Ball St.,1.0519175362369173,0.8049110727049714,32.35902725849134,32.69880405971148
Baylor,-0.8985708572564277,1.0828252093373012,35.48232810325531,30.725666778114736
Bellarmine,0.8173583630270416,-1.7462030674434053,35.602448219274315,35.1906788576158
Belmont,0.3748539690826528,0.7559872500640551,33.05889261492446,30.964319279029855
Bethune Cookman,0.2236971466321714,0.6477536568446597,41.826424041522074,39.04578208182193
Binghamton,0.927492105835786,-2.143704816685976,42.86683887851979,35.26693195561943
Boise St.,0.857407902049459,1.5850877691894798,43.15289749577499,32.34572353504019
Boston College,0.6333325670135467,1.1929605226557445,32.81701678114723,35.121127938818745
Boston University,1.0682869592479842,0.5221483340288833,31.3364341487221,30.29722819944211
Bowling Green,0.29920186715519387,1.0804176596158237,37.46167048108107,38.68189310502686
Bradley,2.7535491166026014,1.405994278352471,36.52204686628841,37.9515690745558
Brown,0.879114398057575,1.3223916455743696,28.450950245006005,38.99411580846223
Bryant,0.8712037190039981,-0.07123211699998878,30.405151210750265,34.40129270010077
Bucknell,0.9402549135446028,0.4108019376648576,30.337751085132457,35.96809644502277
Buffalo,0.9184317231812267,0.957256197220295,40.52910685305507,31.576179997426802
Butler,1.1603465465951401,0.9786548827457815,43.021604108740796,25.347529689383446
Cal Baptist,-0.8074721964446935,1.02892240131078,37.90361836660259,38.228097504499
Cal Poly,-0.3542855076742222,1.4256390968436887,36.04134082213364,34.05162781182485
Cal St. Bakersfield,0.9072866626299225,1.003991518041189,43.29588289495305,43.39645696962212
Cal St. Fullerton,0.5615084867221765,0.5298483289545951,38.23911545446435,35.60544942694246
Cal St. Northridge,-0.35573644049102743,1.0393880121757335,36.14697969839036,34.92237576418638
California,1.4271059230361236,0.5992186521301872,37.57491257177635,37.95613723941912
Campbell,1.1664414186604193,0.24023657110850077,44.89598227653899,37.41796417165567
Canisius,1.059074440560948,0.36491666450576404,32.36370173801626,35.9905966118052
Central Arkansas,1.252473363561591,0.6100538501390915,31.731149899721828,30.44581056471396
Central Connecticut,1.8263119047427512,0.572080472269659,32.14701012565373,27.387152657054276
Central Michigan,1.0478265721575888,1.0584502344895745,32.148781455995724,39.94067480650701
Charleston,0.917191333308564,1.1005496133548487,41.972766088631545,26.361866071544032
Charleston Southern,1.3273254923742948,0.8469849721937808,31.058844173980383,44.157876631681624
Charlotte,1.8647639175870656,0.37219227713624675,36.87912793390236,38.44167609650317
Chattanooga,1.077413698722413,0.8571457950803005,30.639746396950393,43.54083187027382
Chicago St.,1.2055350931113795,2.0807205696184714,30.16681186446472,38.34797184287657
Cincinnati,0.7182674642852922,0.9979857661083833,30.10033731567849,30.47174648643563
Clemson,2.1387138299389647,1.142589888064368,38.23459132671117,33.7762935800311
Cleveland St.,0.42824709218120005,1.0402912356233802,39.71113711993182,36.184950405215695
Coastal Carolina,2.098319705006907,1.0369449521119305,33.315957033155186,35.42468047133987
Colgate,0.8221126181940221,-0.7532228939301151,30.35727612766228,33.91457117786929
Colorado,2.594283526390438,0.5005863902551582,36.6146954795891,36.93011398922783
Colorado St.,0.8943462656308062,1.7739793396257841,42.69315423515215,34.20633623554973
Columbia,0.8619632062189958,-0.27719960426705953,28.818340275162623,34.10954193002513
Connecticut,0.07653482109169363,0.7719015773244496,31.79297675500875,40.56792410263715
Coppin St.,0.2855270325555226,0.9386800572248537,39.274736725801326,44.374336752504085
Cornell,0.659904618855374,1.4503783864021165,31.19918710231161,38.328732744289894
Creighton,0.7678525461221252,1.0549437175158634,28.26570535746167,23.969884051101367
Dartmouth,1.0587663650359829,0.5640413472573177,39.06632011986462,30.993907079272304
Davidson,0.5250226713365667,0.37161211477083717,32.829535179182045,37.29260119286563
Dayton,1.1696149565247804,-0.014154751990393063,48.417382663284826,36.17313472441577
DePaul,1.73766534589923,0.8067578256434323,37.026105450123104,38.60517583057537
Delaware,1.5233429358117216,0.8973450144277024,31.239493170159644,31.11315052211018
Delaware St.,3.075415487316686,0.9698106262743835,35.23401652399399,40.728685685279984
Denver,0.5623208358992785,1.0399099388027402,34.91041437758186,38.66405194139684
Detroit Mercy,1.4504395333463056,2.0831881255639586,33.330200462530875,38.104591039819105
Drake,-0.04460902876168979,0.690115225471627,33.852022732271415,32.670105596887716
Drexel,1.2265698072660645,0.0063837030102501064,32.35249521325453,35.8716021326697
Duke,2.076247132603709,1.0159788860655277,38.23935344086805,22.949328972722935
Duquesne,1.1784430470441294,0.8062281923314509,39.22550401663416,41.07722232666494
East Carolina,1.1750343979543447,1.4113475016704349,40.1105314231653,32.61163719235832
East Tennessee St.,1.3338383334053159,0.3024233669737714,36.173525776568056,37.104787381167704
East Texas A&M,2.2080644523311066,-0.7905676504836446,32.1602344712685,35.19145266796771
Eastern Illinois,1.6274780612277209,-0.1365377602440587,33.950257842712986,35.88788491151506
Eastern Kentucky,1.2027201868955586,1.2626323374527608,31.090081754839122,39.82656003770751
Eastern Michigan,1.0580849474821639,0.49455512253070977,29.97790836425083,36.21111237120346
Eastern Washington,-0.020974975860295505,1.5263310516391346,36.349293486513965,37.47640116988184
Elon,0.4093785060084999,1.9326363815628533,33.64890667627459,34.87429494193411
Evansville,0.6824608479380706,0.9003593894093294,30.426690225542398,31.849711939162148
FIU,0.24615623910650664,0.9468559867185504,39.85988462186204,36.462760255603904
Fairfield,1.0167177140089114,0.40420327881143736,28.310578171464485,31.175357574815376
Fairleigh Dickinson,1.948412268404435,3.384356336205715,33.67352052254789,37.176220973924714
Florida,1.5785798323067552,2.1946547259674416,38.94135962376404,34.10798453635248
Florida A&M,-1.7826392440050565,0.9241851802523618,37.83926034960425,40.85894771154862
Florida Atlantic,0.535827275903706,0.580471162404449,33.17180849137194,35.70909166230307
Florida Gulf Coast,1.0704454447953586,1.8127426560137208,29.832205245194103,38.484060913327276
Florida St.,0.35331224201457406,1.3516034563766157,35.39314637495068,33.14387278323561
Fordham,0.9409697469750469,1.0581975008588533,27.560780590971884,30.740327541264772
Fresno St.,1.9423469273779483,1.265737435108823,35.16887059997959,29.589750636121288
Furman,0.7761903356503644,1.0249809537288213,32.32558657798996,29.390209852493346
Gardner Webb,1.319194866107514,0.639452747233747,31.098736950089172,35.84000111299494
George Mason,0.9899761335082908,1.0941014106341345,42.978675563687,28.449823832268795
George Washington,0.7646597331704912,2.170672965525673,36.27656863849874,34.98289266974417
Georgetown,1.4770576684181962,-1.135039406787016,38.478142443355544,36.235274130527635
Georgia,1.0873749330962785,1.2966380746304234,37.31653013454091,30.906903746905854
Georgia Southern,0.7823168106535818,1.319732856686139,39.66646788015491,42.03776972913636
Georgia St.,-0.43540922410803495,0.09790678498861342,37.569016275735216,35.747851753132636
Georgia Tech,0.4590900238635132,0.6412713327931198,33.978431250470855,34.92471465444366
Gonzaga,0.5109197070416391,0.9247025191597051,31.764704961850647,31.55830279981696
Grambling St.,-0.0379220979415459,0.8236360785169725,42.195167352798,40.6523837866624
Grand Canyon,0.7284360595415137,0.7274212188269314,39.4218757835066,38.19402071412572
Green Bay,0.8614439092062058,1.8227031771117848,42.38696837692383,38.35856450154089
Hampton,1.0665768453781688,1.0275576995514943,40.23864183626803,47.023604900386395
Harvard,0.986404361685221,0.7834184579365874,28.207056565229276,27.589092612311102
Hawaii,0.830427659971492,1.0197958723669949,44.29901239837684,37.63753687432943
High Point,0.7846198836727768,0.571036789530547,43.658619651244855,37.04702970519877
Hofstra,0.5569591215601437,0.49306058227161975,33.0667120825987,36.29465772917645
Holy Cross,0.9682304652987314,0.6011524168270707,31.909948428569983,27.966703233022205
Houston,0.6510789319614472,0.8323557063543218,27.18326440129218,38.773105094147056
Houston Christian,-3.288330413815866,0.6570691405160886,36.50518270304667,31.410440740015257
Howard,0.4073774677788403,0.8992192036875883,43.40919312617469,39.43867045895473
IU Indy,1.0930673174078844,1.0842665568900995,21.76370814601049,47.12653139301447
Idaho,1.3784452474355364,1.2811249876873716,34.031157518393115,39.683605974136995
Idaho St.,0.47204778409168485,1.642178670890243,38.731908601435265,38.28713053755369
Illinois,-0.05324347923584334,1.0702774266994206,33.64929769820807,19.800661781688422
Illinois Chicago,1.459838322340857,0.2760791280272267,37.125800531833896,34.88998212294706
Illinois St.,0.6447720492678757,0.45445781679411884,32.65377485057193,34.220722280626184
Incarnate Word,3.3174414915124157,1.1754920030962714,34.82850195931777,42.86921205947238
Indiana,-1.899285142760838,0.31937244938515946,34.85140392981171,37.79784076448876
Indiana St.,0.84223456654894,0.9202566173410275,27.433084497392542,28.917958779126923
Iona,0.9691542510436117,0.6629859890562955,29.8807086325559,29.495994162649872
Iowa,-2.4088612092478474,0.8130274825018402,35.419609563206755,39.456605262111616
Iowa St.,-2.1068250371261072,0.9094641065827954,35.43340381963791,28.931259923959946
Jackson St.,-1.576616809570216,0.962011336962107,37.69477126747121,43.01836263639456
Jacksonville,1.0830403552742498,1.2984088691495919,33.164905088333946,43.60869782294212
Jacksonville St.,0.735170113409947,1.339025420691136,44.68245606146388,39.30106608780288
James Madison,-1.0674707195506627,1.0948090966066015,36.49407424599511,41.556725637204764
Kansas,0.2716798913860943,1.1699211798565785,32.28617559908888,27.98016789944389
Kansas St.,0.6067960983754492,1.2304729401031567,27.128992647486044,35.43331670857779
Kennesaw St.,0.7232816431856541,1.07463678367828,45.03900316976143,48.99171747080307
Kent St.,1.007312704357216,1.12943550382362,45.489712222717486,39.98645716763295
Kentucky,1.4809303779942646,-0.7536993513491063,38.48392589059241,37.3749943712925
LIU,2.1906643084986626,-1.8510548592743319,35.50688455909143,34.652024311248034
LSU,0.9539037631125086,0.05936130287444358,42.034012032420875,38.43666264138405
La Salle,1.4810977969178476,1.3706076606075321,38.881902332581134,32.747469006179195
Lafayette,0.9634387945108521,0.36809537997991715,32.733173342525376,31.13482534974479
Lamar,1.4342335883401844,1.1411842881345875,28.7514525175653,45.0510014732977
Le Moyne,0.5391542965500171,-0.6222550685319262,40.343156011496546,33.25172629506853
Lehigh,1.1405503838701956,-0.17657586695436112,32.23935719760056,33.22788389302217
Liberty,2.158021440000709,1.0471096751591626,33.16029043049232,25.895151136857482
Lindenwood,0.2349938368918286,1.6048940904531521,39.01205179350301,38.35517312358499
Lipscomb,1.1602348307281174,0.6850603238826947,26.405365980539838,29.66215281872921
Little Rock,1.195858332058795,0.5944339203567854,27.944596494977205,33.27278538121947
Long Beach St.,0.9315836366039142,0.968920353300165,31.345772195838418,43.291430298207835
Longwood,0.5708863963015172,0.9455045817786703,41.92621689186124,43.08358425767645
Louisiana,1.297974235158334,0.9564195454085977,29.047667261352327,47.07143329582594
Louisiana Monroe,0.4622294291294436,0.8342859793551789,39.89588986246479,28.38422004861143
Louisiana Tech,2.4068132042457306,-0.16296417463131976,34.03350090492638,35.80277208195545
Louisville,0.01687103371323931,1.2918926487590858,34.12282962434823,34.321102386608835
Loyola Chicago,0.17978359437011623,1.2529683499289226,35.348348469615715,34.32136300591508
Loyola MD,1.134993859006261,-0.08330686074915315,30.44564383904707,33.52316499208232
Loyola Marymount,1.1761895190044498,0.3754826578902929,31.672170752826315,33.21420144558383
Maine,0.9235619497704364,-0.22755058709207202,39.15291936581396,34.52346195792573
Manhattan,1.5596436437101162,0.6933785560787631,34.426967455397154,25.799737492814817
Marist,0.9755565544948039,2.098620037238549,26.39659856886901,38.05891721965135
Marquette,0.13112813605103713,1.2966255774654203,33.696024725434114,32.46914652124844
Marshall,1.2750832111288226,0.9930600945832929,29.657951010779474,41.9553297907647
Maryland,2.7546740982915634,-0.9007707108141559,37.28701193016856,36.26129800608911
Maryland Eastern Shore,1.5851995887996462,0.838869566009089,29.277618753999757,44.594123297053414
Massachusetts,1.273537835934738,1.0561624945471162,38.48435698523278,46.71539020456612
McNeese St.,0.08654107422636564,1.2810125756669564,40.1561020195686,43.6112241532519
Memphis,0.7392712643524244,0.6881423547941071,34.5762881007565,43.33106767432406
Mercer,1.0726583319201914,0.9176254265470013,40.26200141544652,30.192484805154134
Mercyhurst,1.1601117277321227,1.3971184295445553,25.589223826219307,43.34442354361222
Merrimack,0.9793309051785857,1.9665961076924774,39.16082447787668,37.6427245799093
Miami FL,1.4768722373845231,1.0547374295674155,37.923414491696654,29.610402224202044
Miami OH,0.6477337821704767,0.8896282791506782,41.46505021685265,31.139377082003396
Michigan,2.0850059216829258,1.2462485006560604,39.69044420403199,26.546974095194965
Michigan St.,4.749833931597625,1.389953873794313,36.67740990641183,31.16360022175499
Middle Tennessee,1.6598709310704725,0.4590273517947794,32.19598820602191,36.52007652885937
Milwaukee,1.4201937423907927,2.5119145271294543,32.817856246754914,36.308125875007285
Minnesota,2.3775829911025252,1.1753969067648369,36.74927739205791,27.480226565458445
Mississippi,0.6012086326198554,0.4279178329896734,34.99880398721364,41.83320438102028
Mississippi St.,0.8921602008496393,1.9087627255423116,31.055589642075798,33.21798811490495
Mississippi Valley St.,3.1843775416192672,1.000659463967196,34.65092831286995,51.63323933769994
Missouri,1.0619427600330318,2.6667815546081783,43.41127366058684,35.269526711201415
Missouri St.,0.6256418771621355,1.1523904419926632,44.67472612544839,41.89863679942348
Monmouth,1.0449982527822033,0.8633945797134495,33.576769260997686,32.98994518018506
Montana,-0.8061536983818369,0.6914882815633371,36.95209072218206,32.574709625736034
Montana St.,1.3534299685881965,1.0160973849769794,30.64853257186747,30.321449192651773
Morehead St.,-0.030668666128524695,0.7388123193460676,38.216149909518165,36.109120333630344
Morgan St.,0.3884296482465985,1.028871069402322,42.92732442044324,52.175473706439966
Mount St. Mary's,0.915558072664576,1.9064658593753705,34.151982974645364,38.35540734970345
Murray St.,1.2085354615188335,0.36131344990049097,39.356927391516706,33.37478928436953
N.C. State,-1.3933764769814316,0.13077097690595552,35.06401229334294,37.97985155788191
NJIT,0.06739232132444754,1.5621371835009603,34.01786743386631,38.9343541984912
Navy,0.9139294843720362,0.7304734904265839,40.74497752639706,25.84221738657509
Nebraska,0.6296074291589322,1.101948293409302,27.98282897289129,25.362837422049264
Nebraska Omaha,1.371473993433705,0.7718109436822241,35.08530720327773,34.11240961388464
Nevada,0.9449388130773044,0.8212257304363241,46.23265510601071,39.85841746836063
New Hampshire,0.7200931618048898,1.9776282541344095,28.748859336771606,36.5979926806609
New Haven,1.746132543078437,0.5139152859959152,32.60186305012619,28.11079847162292
New Mexico,0.30351701640321554,1.5803249172173761,37.27606075179265,35.34391625467821
New Mexico St.,-1.232816658438045,0.9296888438598843,36.128139041462404,45.11299876572893
New Orleans,0.7359447624328829,1.5339008875339133,47.808351983598946,39.873068328378686
Niagara,1.02051207755732,0.33755186892947875,27.298306611667464,34.207982248167966
Nicholls St.,3.236042187707862,1.5023333853911507,35.48277887036868,38.55797932449933
Norfolk St.,0.4000083894501575,1.0078140767126587,45.199565167892025,45.615129512315065
North Alabama,0.3798280417871218,0.5008223660774292,38.561489739232016,30.729013039767846
North Carolina,2.0543682146356144,1.1066216301962026,38.30357499663474,23.557293738303702
North Carolina A&T,0.8343927748720281,0.26103976608915425,43.52372241950392,38.176426787273655
North Carolina Central,-0.15302596996946796,-0.4280983227328262,39.88714637228354,36.9451870566517
North Dakota,1.4220874010276596,1.095767074906869,38.549856879823565,45.08900464607258
North Dakota St.,1.179581965287603,1.099636041884743,31.023982563405767,29.755851221809355
North Florida,1.2642726740851198,0.6024285288527623,29.128637426995695,31.478454984208426
North Texas,1.2674907936078519,0.8592434833695544,39.411180657218395,44.987508573104485
Northeastern,0.9026728161958048,1.0155676905017166,29.81233752103019,43.18225328635756
Northern Arizona,1.3554384905286934,0.6853268287545081,32.26604174647522,33.39872194858784
Northern Colorado,1.0232044894384535,1.0206344222817605,28.0591422210994,39.32358438773058
Northern Illinois,1.092477147936037,0.931919209111231,39.07106096132224,38.67948077370589
Northern Iowa,0.7747291546935611,0.9994012887463856,26.348276299261155,29.638617826189833
Northern Kentucky,-0.6340028972997953,1.6534679675211374,36.50472839466882,38.531774978392576
Northwestern,-2.63673782400414,2.101394079196822,34.87148401721898,35.04312539960473
Northwestern St.,0.12335181198459809,1.7120370943131358,41.10826032232963,37.1012436187029
Notre Dame,-0.6858512116464993,0.27966371369210913,34.70138775710195,36.710764696703826
Oakland,0.5052789475737494,0.7052689382810249,38.73529992701606,25.228054598592117
Ohio,0.8788868437220496,0.9333958573636599,36.95549279260103,38.36319935587814
Ohio St.,2.3952348211034717,1.2422677013381154,38.870202556036716,35.46734703912916
Oklahoma,0.9298074261838789,2.3346539289050856,36.75432521396785,35.07975868174162
Oklahoma St.,1.2854535124441957,1.2147076610580583,40.28330303014614,32.74172345715602
Old Dominion,2.092446783026901,0.948832432966633,35.26437806866159,42.32779732346378
Oral Roberts,0.1031576394114671,1.0057088620775332,35.472544414194175,39.62146265123256
Oregon,1.232107042679896,1.7119016390069512,36.00003571844314,32.573871912855964
Oregon St.,1.1011561089580508,0.2263852726385863,43.841921391532225,35.95384738072309
Pacific,1.0083660946068946,1.4892356624956202,31.361168463916524,37.42625623623107
Penn,1.6413231554562604,0.8254074175674481,36.97400722901546,28.89357720146719
Penn St.,-2.052912127763653,1.2157717614037482,34.530704736705616,28.02768548629261
Pepperdine,1.1588807050561771,0.7931028545422749,34.44205501191118,28.964903755319202
Pittsburgh,0.6821933420566236,1.1847289515397288,30.3244014585908,31.225560942397454
Portland,0.2620855713014731,0.6125883409234332,35.574527044294996,33.04480492004049
Portland St.,0.5260430756920064,1.0024212862575657,37.846677341707355,42.920569131133554
Prairie View A&M,0.4217597419375821,1.0195611085748653,44.302881246490436,45.51039025205802
Presbyterian,0.725657981694953,-0.06422264633200907,40.28272591673059,37.503899144642176
Princeton,-0.5619047107862017,-0.8964252626074432,35.21182662125154,35.330621546034486
Providence,2.222026182286283,1.198319137899961,37.48418618377741,33.09279449137725
Purdue,0.4702533798617488,1.2561970641538835,28.744809853126835,28.20456109193842
Purdue Fort Wayne,1.4775296162819744,0.7154727935311078,30.91030239130084,29.452252253357994
Queens,0.4288123313506169,1.4595534402207084,36.847690650738635,39.691244681822255
Quinnipiac,0.47580437779590923,0.35296453327361943,34.46093683841296,31.133969690316725
Radford,0.8079564784327313,0.6806062858751207,43.06163439334564,40.54247977937584
Rhode Island,1.3038654126206677,0.9713101495612175,39.98867227118093,43.64351861416612
Rice,1.173381804805652,0.7543041900002196,34.30972298662428,41.469955558753846
Richmond,1.3640699070582207,0.081511813880749,37.457285304748844,35.8858167775752
Rider,1.0604745221878347,0.44292083837588087,30.740053097618382,32.884618166787895
Robert Morris,1.1470690717315344,1.538496711246755,28.641363425071777,40.5608027764433
Rutgers,2.429555495868715,1.3408605383649224,37.56832729893839,31.859591154761798
SIU Edwardsville,1.285231138082672,-0.8836375684087223,31.059226506716897,35.17581377723712
SMU,0.7152879592250259,1.4337116328837547,32.11733603950117,32.43923237105559
Sacramento St.,0.7581436761550402,1.4027218533977064,42.079895031513864,36.61348443383236
Sacred Heart,0.9200676162046106,0.6957859510529631,31.637792086073272,27.62161798788211
Saint Francis,1.2936675656430054,1.797663302814519,31.40548720756737,39.71405193032616
Saint Joseph's,0.8429345258126918,1.1660202837820681,31.23882006272946,27.055819627976938
Saint Louis,0.9919448523952176,-0.11297424104570325,34.78246280020127,37.15632832293753
Saint Mary's,1.0556406529442683,0.8773870517906824,36.553284709895145,25.99797866351546
Saint Peter's,1.3041132938156261,1.2246097670770084,37.061992679996365,47.56351208638216
Sam Houston St.,2.965465527008652,0.816305982783099,34.950836229481105,37.328588023960705
Samford,0.9194547614611038,0.8426579877146451,43.18072703491193,33.347542233801036
San Diego,0.9503783572360036,1.2237827100254979,26.161965473705973,39.68768299410773
San Diego St.,0.5135082791318446,0.3275511330094678,37.66613969026661,39.6327202286876
San Francisco,0.9605200070625186,0.8696130847289975,41.18914564068196,30.825327182945973
San Jose St.,1.3104395430385136,-0.5799969323450711,33.5001945735029,36.01614205363299
Santa Clara,0.92684447198173,1.1589352526287666,26.04201618831708,39.3167899453116
Seattle,0.42860108413317055,0.39677395622728795,35.13828766318642,33.5963222594027
Seton Hall,-0.16016230360650321,0.93126436775582,35.86507931826128,42.92085829283468
Siena,1.0327653870281328,0.5625682054971893,35.663924412855565,28.03225796571465
South Alabama,0.42335598783523015,0.9690153594648364,39.89797198806122,26.047257716920782
South Carolina,1.2142151048657637,2.6533872363634137,37.37767664711823,34.507566217050254
South Carolina St.,0.4453522830864062,0.9252272469504457,42.69553919558378,52.53665872962557
South Dakota,0.8762944744430852,0.5787306802316585,46.0583898914085,32.15287969890756
South Dakota St.,0.9271833978594131,0.14673744741259215,29.936182455450563,35.33193525987122
South Florida,1.0239947233933777,0.18044600943790523,43.31251135042815,38.87987458498582
Southeast Missouri St.,0.7699652941513163,1.1503752561761962,39.724664139503744,48.56263693013966
Southeastern Louisiana,0.38697637589383593,1.3417881293925649,41.4969579604082,42.16255140937096
Southern,0.3916765859256683,1.0087412305409196,41.58816046883154,44.39540238465641
Southern Illinois,0.5304576902913506,0.8219844052701015,31.90049745259709,31.603864531704872
Southern Indiana,0.24729279970872306,1.5529784950411716,37.94452901613311,37.009528103379196
Southern Miss,0.941872050888791,1.0077892188309752,44.25151941625689,44.36757798806847
Southern Utah,3.4628844586883023,0.8655179931084102,34.40984102334719,30.166047254730877
St. Bonaventure,0.7464949701931499,1.5415296939923504,29.80009715366157,34.534415063351695
St. John's,1.369580506462268,1.1418479304001643,42.982076653040465,32.89943690251896
St. Thomas,1.4951312514820942,0.8429765344841228,35.38026481969965,31.185290814757668
Stanford,1.9469264222306981,0.918095990742246,36.753490324868444,41.363977733115554
Stephen F. Austin,2.0807281046539474,0.8247651627936671,31.074397086324232,30.67762713862804
Stetson,1.3336316262080987,0.526983213899791,33.2089621282952,30.551640566675655
Stonehill,1.2834500878810222,0.3356027424295668,27.97860064212572,30.416091368110916
Stony Brook,1.1121470414208343,1.085113831912951,28.86298382416617,36.805591440761205
Syracuse,-1.5656112262680373,0.7350169270419774,35.65435751752678,33.15765796582917
TCU,1.300501346913788,1.0090007774463385,39.555915327197575,29.478734909753626
Tarleton St.,0.4144737878516892,1.0882810614320846,42.72690772995908,46.92886411503761
Temple,1.0575079292456946,0.3607202584678981,42.578958328270204,37.065917413579115
Tennessee,1.288638160186999,-1.1108908857222235,38.98597828348751,36.371839490434226
Tennessee Martin,-0.5270238337609032,1.3875955141499297,37.99851020462226,36.44740812042192
Tennessee St.,2.259250305548693,1.0927597848643102,34.29058889238295,42.161309535977104
Tennessee Tech,-1.332248984060932,0.5312310717978516,36.69761447943955,31.77408881767982
Texas,1.102727548163348,0.7567201444097669,46.572306329918206,42.04399716708543
Texas A&M,0.9206412994325214,-0.49950371643249,38.26237167555328,36.01029530301546
Texas A&M Corpus Chris,0.47686394334710414,1.1976908883080768,41.89799320650856,47.3022555538072
Texas Southern,-1.052301095738724,1.001616647246525,38.563181343226326,44.03877311128427
Texas St.,2.7418149913692655,0.9916912301887068,34.95125246405114,39.731893677574156
Texas Tech,0.6800721712202975,1.1797046781869842,27.900824393853597,31.937256654870648
The Citadel,0.9268127315969065,0.9808980628387272,30.17555451389678,34.102880434735454
Toledo,1.181281398427497,1.0123411010559717,31.621590626693955,26.999316812149758
Towson,1.0568639667769117,0.9592527087448677,30.979217352867376,30.32274242287279
Troy,-0.5676085177911896,1.036980604808385,36.65650780316891,31.801864502131675
Tulane,0.9133570206326894,0.5800616203234685,45.411304157115346,38.40518747531408
Tulsa,0.7014451167096771,1.3170414630180138,41.891583653485384,32.0077131439019
UAB,0.06758198147736437,1.2592435658149435,36.94280333479027,28.586981795119673
UC Davis,0.8418502584020048,0.7466439341073772,42.077730357299714,38.58251106021936
UC Irvine,-0.3337181753022849,1.0205549699660905,37.126487358474314,28.07235174072316
UC Riverside,0.49907881848239594,0.9180141115053849,35.734889825122465,41.74991888261606
UC San Diego,1.3067158440564846,1.201032629664381,31.76265178009076,30.095474632764365
UC Santa Barbara,0.17235560774826916,0.8502470210364167,36.97952732415988,43.112549044537225
UCF,0.36315424165830057,0.36063078072348376,31.21044006692332,35.458013018214395
UCLA,-0.5366594977073823,2.6271518182050846,33.5285829566954,35.361013070571914
UMBC,1.6760028931040587,0.9520218343646922,33.718749838916466,26.075859117031154
UMKC,1.0438044332733907,1.1935167000403042,29.696910427347035,31.768873666751173
UMass Lowell,-0.10953472953114682,0.6695205932587246,36.22322511628297,29.021335814919087
UNC Asheville,0.6977934861587959,0.5963155349873542,40.41635138366851,39.08679572332062
UNC Greensboro,1.0686536610606578,0.9059466311622476,42.82323507529683,30.868860236310116
UNC Wilmington,0.8506837109080321,1.5388120102218426,42.828612508464715,32.06926024694974
UNLV,1.0119727982429854,0.8570761994500538,42.46963813158233,47.09589161040492
USC,1.4204153821930599,1.2922389775824321,45.58536195362426,34.39680993998188
USC Upstate,1.4568596439606494,0.35751997011876147,33.82587200242729,36.96740346579874
UT Arlington,0.569808514569224,1.1665113913149758,45.12044061272779,42.0929351788792
UT Rio Grande Valley,1.482183145734354,1.2041004535463347,29.05867713559456,39.37192480985785
UTEP,1.682959785951707,0.9863605576945741,33.52355090089681,42.55870967724786
UTSA,1.176601629778534,2.094262780061592,30.35875674226511,33.9318637624207
Utah,0.36224150833244906,0.9890538553808571,31.884201156887173,30.383714839797516
Utah St.,0.6615607761927013,0.2438116465033561,39.20299125820876,39.45461210647098
Utah Tech,1.8103574656300363,1.408214476750806,30.486030102499328,33.93924523495374
Utah Valley,-0.6947345167799187,0.9764730010617801,37.82245439965795,40.603583688771984
VCU,0.9863635266922055,1.6746137832845025,45.14895696179844,34.87028064309157
VMI,0.9077606360283096,-0.45860862523705936,30.980514336507376,36.247456767156834
Valparaiso,1.3049662817893293,-0.3852930348119305,41.08047827709154,35.43783916427834
Vanderbilt,1.0680981154677751,0.7644888552406587,39.15746937922192,42.01307344038198
Vermont,0.8513429844136623,1.4810907734202094,32.45249639279351,36.6744121188328
Villanova,0.3743194894847395,1.2408609557905457,31.940586537332056,29.28199204795996
Virginia,0.18431673704836615,1.4001891607028907,34.76002277350882,33.141134886472045
Virginia Tech,-0.3358223031872597,1.1132069253890597,34.316853686808415,29.378335431410964
Wagner,1.2908428306923456,1.7777485188018147,32.51353809644125,40.8707817241585
Wake Forest,1.3710921398638605,0.14522521607423508,36.130143163605766,37.0540394762762
Washington,0.46713975008420977,1.5354565220298044,30.334635649780303,32.67582888668972
Washington St.,0.7623720317757235,1.0959929465803293,30.730183389149985,33.75630096729899
Weber St.,0.8152991280515866,1.5498880906165207,39.8154141450915,36.468315216693746
West Georgia,1.0403989815514254,2.1620991538540832,29.776669891996455,37.81184214631925
West Virginia,-0.6772080064275593,0.8822078408731757,35.56623895046804,29.689602721990326
Western Carolina,0.4588510471814792,0.8434718147349276,31.87323274659361,38.42681510634573
Western Illinois,-0.3019489018133514,-0.2493246274647949,38.251484126117965,35.782876590271606
Western Kentucky,0.5169866661304874,1.0312966585302623,41.25269289234752,48.57961663843479
Western Michigan,0.9807981174913344,0.9594598659664834,33.66211554253451,38.302385473241706
Wichita St.,0.7226483009543765,2.1150423153255162,37.33095795373392,34.78755916684132
William & Mary,0.8007217786897597,0.9020247238826825,45.42742738106668,35.75009993804469
Winthrop,0.8074592215187568,0.845508980050571,45.248676667009605,39.480470199257155
Wisconsin,-0.9882238829591643,1.3803612801684635,33.78771532426442,31.546970405538783
Wofford,1.3993350896734862,0.7406234604862957,36.73550606672631,37.37718608067092
Wright St.,0.4740532899741537,-0.00039614475474862,39.1400436654395,33.940488137472265
Wyoming,0.8336630990612203,0.8476813364894482,36.82248981930086,49.425512600629666
Xavier,0.88408904543511,1.3211191267739038,28.08225857146535,33.82606807128188
Yale,1.3413294288576634,0.8230962708555047,36.99569831148369,28.854473684933062
Youngstown St.,1.423014476550094,2.3890474380069393,32.178597425162906,37.31579911687581
