team,three_pt_rate_off_gravity,three_pt_rate_def_gravity,three_pt_rate_off_avg,three_pt_rate_def_avg
Abilene Christian,0.8785178619396344,0.5318134049752113,33.028656040674356,30.143579005947483
Air Force,0.4161344825104814,-0.3516242483683951,41.85663770897426,38.95832147682183
Akron,0.867103461392599,0.9628716260879508,45.595494054384204,43.058286528591395
Alabama,0.9956892362958752,0.9082324511449413,53.738869047421474,35.49157217783831
Alabama A&M,1.0042142747609302,0.046493602019873445,33.713144129493855,37.09366812303052
Alabama St.,1.322779760940377,3.155910841046242,38.5814017488065,40.041005510702384
Albany,0.10808303614986746,0.23340858281689547,37.59432463668167,40.57307628106727
Alcorn St.,1.2974057709451685,0.43042331213037743,33.783817352505906,34.819876329364035
American,1.0717327251416153,1.4950237708134422,46.27474389738782,36.75747205169703
Appalachian St.,0.9124230982088372,1.2753388104195036,46.05565194022151,41.31103012212862
Arizona,1.0253441003866524,0.6314426331303752,26.947166963312483,37.1772563962437
Arizona St.,0.059524284606365684,1.5981835886279516,38.60371075210068,40.53126235402854
Arkansas,1.0969613038498167,2.231525208585827,33.576981926747976,38.457973914008605
Arkansas Pine Bluff,1.261141106916717,-0.2403733987446345,37.54091008180786,37.177709799157526
Arkansas St.,0.6833918032637871,-1.1480467782610833,44.67435734944289,38.961927583830644
Army,1.03597174368432,-0.05698173817712053,53.28141685200683,41.59490573442392
Auburn,0.0908230645286165,-0.07427536677885448,38.91574882725606,40.33866233769628
Austin Peay,1.5043567994949676,-1.1171800766947835,37.920628474333235,41.01672242042428
BYU,1.2887394911039651,-0.20613927890276085,40.191446362749836,39.38225996448357
Ball St.,0.17125546575075584,0.9236529479351683,39.38214141561723,40.98359084118298
Baylor,-0.39849607709676416,0.6866473798442446,39.93577213873616,34.7339130367296
Bellarmine,0.7497018172286976,0.7358233882153417,41.31571698830137,50.3861100200586
Belmont,1.044650099417738,1.0053997189137494,45.60720783665834,49.0248382660441
Bethune Cookman,1.0274509625664803,0.5657275263086707,30.115960960117757,33.28462030118268
Binghamton,0.8300019004131871,1.1018729293372675,30.940504338333955,38.92445948387698
Boise St.,0.7133598983493651,0.7254792681010661,43.352502507037634,36.713013882586296
Boston College,0.6049433781434064,1.0448727509485152,42.2942474003636,39.21346345648954
Boston University,1.290892203476815,-0.2679134527594259,44.11282039071022,40.83978256477104
Bowling Green,1.2589679470844362,1.1893652072333158,34.56956989854039,42.127218480504574
Bradley,0.9897310350064373,-0.4390888906710543,40.58605539439851,39.84494829003221
Brown,0.5666780155751894,0.29432005562172464,36.42427813380234,43.58121023004926
Bryant,1.1642185254835058,1.018370378947487,47.904190623025194,35.913069216617984
Bucknell,1.059446781822194,0.5692168185269207,42.89748070013403,45.334799118240646
Buffalo,0.7135314223746186,1.1478640076383062,45.17691535471237,42.23368465303027
Butler,0.4454470597825618,1.1437984803555274,35.27497639047671,37.39447321933354
Cal Baptist,0.7381232384114422,0.4721020437420019,31.83721077806046,31.86841986977852
Cal Poly,1.019590747825394,1.6189707713602084,53.046305634143216,41.126458362539424
Cal St. Bakersfield,1.0994217147059695,0.6053715291008602,28.957094808679305,39.01653655218499
Cal St. Fullerton,0.9552562737974013,1.119270499826393,43.13566938436825,46.93487246895959
Cal St. Northridge,1.0150309488015066,0.9302480066955532,33.29014533547446,48.7495003156947
California,0.8617655617267015,1.2759603327006905,42.40073589668782,41.066002832925925
Campbell,1.3752283237520604,0.9896946397383753,36.74174291623479,29.886580743621042
Canisius,0.04310150533262972,1.0864584140811038,39.258095913429614,44.10331397230156
Central Arkansas,0.9258908308434363,0.972815915135521,48.64251559603371,51.94295297898078
Central Connecticut,0.9898985407033175,-1.597403204922909,34.800254802898316,39.13142613164273
Central Michigan,1.362491313525114,1.7213841102910343,34.09617195773414,38.44536882025207
Charleston,1.1352839109100472,0.844932419969005,38.2610779264146,43.67097402161485
Charleston Southern,1.0152703628940398,1.0512529605962935,49.69212098719085,31.081958101170674
Charlotte,1.0591093923057124,1.162827321130327,44.622337839332886,40.48090773462221
Chattanooga,0.9582956675874461,0.6981713748076225,49.171628931058464,44.12456440791631
Chicago St.,0.9040069856154692,1.0337385672417534,30.906090784392227,50.54977477020859
Cincinnati,0.9741991355799551,0.7813882456949349,43.72218186991445,40.47212514494194
Clemson,0.7744932486933161,0.5149318065769285,42.9321112068665,42.27686535605502
Cleveland St.,1.0758493186525944,0.9260647919019345,50.80338038808333,44.00965814185058
Coastal Carolina,0.7105241379624736,1.1295812389898312,43.270232406937964,35.625110146246
Colgate,0.7399568488116539,-0.20054080915874617,34.967411589891,41.530331682034586
Colorado,0.8954514212527751,1.05692710839404,35.01348759717649,35.978970490192324
Colorado St.,0.8818479909323345,0.906455624290493,48.63490060683802,43.96623248346706
Columbia,0.7257332230871906,1.594647710875317,37.44185786969179,35.77250064997986
Connecticut,2.6859246398038628,1.1404111486343211,40.067779669509555,35.90791192041511
Coppin St.,1.3211848585466581,1.8051989402274924,35.30270812425442,43.06606920376377
Cornell,1.0247586511876088,1.5544602640628569,51.433688436197365,38.288083056469326
Creighton,1.1450959885211498,1.017762976623837,48.137984143854155,32.35943483056673
Dartmouth,1.1107378645803534,1.9377092793152606,48.9027206879521,39.13324299021258
Davidson,0.8757531111423947,1.4165417817591708,43.62259135865919,37.00530641697578
Dayton,0.6633772358911013,-0.6923106027062524,41.48292990116347,40.958432246508195
DePaul,-0.7512803920768034,0.8861793901927765,39.250740185538845,34.06354905129857
Delaware,0.8385268055623518,1.2047462320074054,46.17733618335068,43.700617610781904
Delaware St.,1.1535178651599047,0.1363730471058826,29.6249047393496,34.623416939124695
Denver,0.9090654650498248,1.5229060840016577,38.691741773675446,37.134208373994625
Detroit Mercy,0.9323652869342954,0.7218389896757156,30.32890072416418,42.39189411968921
Drake,0.9216323558708214,1.2463768820558485,46.01010736548114,43.59318504042691
Drexel,1.3880456680836692,0.8291443353003455,40.22227904603263,34.06340989825375
Duke,0.9389037320405755,0.6399659578299149,44.17490265193558,45.636830997354124
Duquesne,0.8867712291748546,-1.5528221674308,44.49974978760894,39.953226983716526
East Carolina,0.9921468284703832,-0.01793225150621082,31.221527417866593,39.16841565966318
East Tennessee St.,1.5653450575112795,0.6420250133787186,37.512252627010795,47.451857824094716
East Texas A&M,0.9758418640926945,0.9332637629392141,46.230475526582,38.071296123779376
Eastern Illinois,0.9632870101648388,1.4570841099487415,30.16006063985832,41.36591716198752
Eastern Kentucky,0.9479999030903705,0.2866744005205065,51.097944237452516,41.387301438790196
Eastern Michigan,1.131963890779193,1.0125781177122146,32.214639563408106,35.68512863671087
Eastern Washington,0.7294973578381907,0.8669752485363452,34.61154223470558,38.78822484813485
Elon,0.8780803356514968,0.9721295129697233,43.16062358014215,44.7281029401788
Evansville,0.8374735817560827,0.8136608025089057,42.92084249400795,43.40256265165571
FIU,1.1177498562337167,1.0468548305394287,32.85189274313777,44.98596963992195
Fairfield,0.9030858184686618,0.7968722809788432,35.425626176878744,36.01253133901374
Fairleigh Dickinson,1.0309793586373235,1.803558210992804,45.0507950220877,40.5083489152922
Florida,0.7435648984218736,1.2742432329401232,37.83113229660714,33.40899333534183
Florida A&M,0.896689154902685,0.29779888875453464,38.13333396327097,33.91453861969705
Florida Atlantic,0.7725634264367631,0.6192657240779483,38.60115285826617,36.26784984995097
Florida Gulf Coast,1.5035239790207968,0.5203100957777453,38.42727775662866,46.02860228632089
Florida St.,0.9277903796264795,1.0136833761663608,50.38002595575136,44.42189182734777
Fordham,0.6524468004552587,0.7188052742038303,38.08122793105746,42.063938408637604
Fresno St.,0.0950711457795146,1.367238599342203,40.635494832667256,43.6146492872811
Furman,0.9168940879894828,-0.3628419342764752,46.15991742892289,42.0656378026048
Gardner Webb,0.4480817773680506,0.2651730942122927,39.84907878611996,40.9097368901973
George Mason,0.7857738131153664,0.36485280267696146,35.17732662298513,43.12126870675916
George Washington,1.0258177355655909,0.5170124739315934,46.2397446851564,43.387408337141174
Georgetown,0.4651027869278086,0.7297940139486141,35.63560186512935,41.13414390249012
Georgia,1.200334785608759,0.7261989729436853,43.40619198775961,37.85918299536903
Georgia Southern,0.8587543408899239,0.03122058844874096,49.307996937556,39.4704139126756
Georgia St.,0.8305760813354834,1.1431005180490361,42.48968247515052,38.983091580778726
Georgia Tech,1.006381080640669,0.6103764058081422,33.1563078462908,44.53825130767723
Gonzaga,0.9321356764175404,0.44506466929799926,31.118070148534184,43.54169202738732
Grambling St.,1.0843803024820542,-0.09968552686869518,38.20656707694147,35.29077715273562
Grand Canyon,1.205866215709967,1.1689538084097915,39.08342013281925,38.64210961884303
Green Bay,0.798288847261477,0.46141631942618605,37.151687474884184,43.25071214661619
Hampton,1.228674341407601,0.9059539731683546,36.912896104033365,33.5138024568694
Harvard,1.2752560077135358,1.971244284206,39.980070109743345,39.11636145496401
Hawaii,-0.008258135631344218,0.8852016323449253,39.50545273581753,32.61633667550156
High Point,1.1447216494672354,1.1326627143453087,43.00622354018586,41.29635901548545
Hofstra,1.1357802897134062,1.4372165763280964,43.084721964100616,40.638390117558494
Holy Cross,0.5101977647003407,2.619671221100515,37.11314059092194,38.716197740431454
Houston,0.9854164797451094,1.3294500166543706,41.60047275282562,41.73825599835684
Houston Christian,1.1399912837384902,0.7674816423944448,36.48520541952056,37.22696141070625
Howard,1.27051316849842,0.2511324374396119,34.17232190088717,33.860951008657636
IU Indy,1.212756875839552,1.1408982279014435,42.156795192053075,35.956706776628984
Idaho,0.9718298907431928,1.109218812490701,47.51841289063121,35.64574131665628
Idaho St.,1.179730480070255,0.9054397884984768,42.08714462085069,36.80955551376222
Illinois,0.8894017220996857,0.5758015318142404,51.07108340248685,41.6123075165596
Illinois Chicago,0.9702413291530476,0.8476010123900771,33.18912593856151,46.24577068261035
Illinois St.,0.8181769629135289,1.1711036828778452,42.49929608578472,34.68280309785443
Incarnate Word,0.051744361404352006,0.9121227048103305,39.0819424012772,35.30303979160131
Indiana,0.8709137492347393,0.8835352667453196,50.93971860300454,37.321217768812055
Indiana St.,0.8923617570693751,0.9250463717631183,45.36060686119221,34.48069741135617
Iona,0.9551371669810892,0.391491141756262,46.01521171513176,40.83383335812452
Iowa,0.027822801461254862,1.1535266798462676,41.397774897874825,38.79399769945235
Iowa St.,0.09135163120407576,1.3093324042923007,38.773089194479965,43.02637521313141
Jackson St.,0.830042312644004,3.091648503335602,43.24826505937228,39.90044953646802
Jacksonville,1.4840128982328356,1.4020790950563522,37.17394592629932,35.1100917887319
Jacksonville St.,2.4597823133222714,0.8873227167551017,38.26368942797234,42.7969412119276
James Madison,0.5251640886962203,-0.07609235686618747,42.43068320432422,37.886582973419664
Kansas,1.0599837118672504,1.262271897021017,35.83634960243783,42.348452605564226
Kansas St.,0.36122673928773325,0.6019459982821108,40.86166456186769,38.70442538164407
Kennesaw St.,0.7464654542055514,1.526585030291396,43.6747288406292,38.157481661398734
Kent St.,0.8708541611837042,1.0747280434584687,45.664708250314575,42.93143208317325
Kentucky,-0.07498112461752339,0.38465267885107945,39.418622813751035,40.416103434119286
LIU,1.0743941744506476,0.8370037437145263,29.151336733866753,33.35194104164315
LSU,0.9712939676805085,0.543409501935078,34.738502054750406,38.18755473167244
La Salle,1.000970945425088,0.4407003090855149,31.70732808671486,42.70248683046894
Lafayette,1.0292712434056122,2.0695882509984895,39.89587081773471,37.99208746872445
Lamar,1.0338837876113616,0.5453099970022687,33.985222291418175,37.47828761783805
Le Moyne,1.0494020257624268,2.1085812778297988,40.98789609685164,39.803667199577106
Lehigh,0.46659742110302155,1.0590523151799263,38.26585108819568,32.162566251219516
Liberty,0.7694114214818812,0.5942085222206834,48.55150024034181,37.463595162801354
Lindenwood,0.8381930582712621,0.7653894371168839,31.0424237862365,32.79466792607159
Lipscomb,0.8897172287396722,-1.0318447702298688,48.10324253656663,40.12015477480622
Little Rock,0.84595819630081,2.8182920942836964,31.03254040189575,40.45885205256682
Long Beach St.,1.2251210228678917,0.8997429549563096,34.82435484308243,35.25724836606972
Longwood,0.7529548263232496,1.1897449258003785,34.73878221858939,42.566209231364354
Louisiana,-1.0974286216714717,0.6614046838842523,40.4598876392365,35.987927005315896
Louisiana Monroe,0.23045724695899003,1.782865990359321,41.71272094357341,42.21081372518064
Louisiana Tech,1.0476914787893519,0.8980923307957385,33.948012765911926,47.106960468828234
Louisville,0.9476229012124859,-0.0017667566927232635,53.038499578201964,39.52958099004795
Loyola Chicago,0.9829954381497531,0.6277222612804039,47.29852734037569,43.69057231422337
Loyola MD,1.0511972533827443,0.7501248574130518,47.26343776945995,39.349253210907804
Loyola Marymount,0.9211994194841532,1.3925694850211037,40.496505306684504,36.279633171614755
Maine,0.41628166960555446,1.3679313325102043,37.04932486856767,36.98487442378505
Manhattan,0.7544432547079863,0.24064661687202724,37.220384165558926,38.240529338928084
Marist,0.7899482721696521,1.2605036321268006,34.10063638727007,36.711662904773796
Marquette,1.6883336656963985,-0.29580942497547713,41.7099658778641,39.667093390360364
Marshall,0.880673264930157,-0.12561468524836267,44.222861170386615,39.72778020932637
Maryland,0.8726606144573235,0.8232976234363026,47.07467271739957,42.95471980203698
Maryland Eastern Shore,1.1079204485139162,-0.5413176933769763,33.137540065468166,39.46051586618655
Massachusetts,1.0628708051117324,1.0081638569698876,36.10572191491449,42.397965946462165
McNeese St.,0.6709589767530799,0.9913255763048647,35.20071736675969,46.816328642395845
Memphis,0.9684968482021521,1.1781430877036208,33.776892029321665,42.846140056867654
Mercer,1.0367606417847008,-0.5867751466671075,39.15563339019432,42.12194776657136
Mercyhurst,0.9965223128579431,0.8024050943727149,31.37768105516664,33.60209997941424
Merrimack,0.9652064930258225,0.9011257603699743,45.78979865281155,32.736745040356546
Miami FL,1.1201723974095712,0.21725050872048254,31.823269327712392,40.695300283479106
Miami OH,0.9352309730954336,0.25547450943269834,44.383318138729315,37.32508096090232
Michigan,0.16066166768057683,0.8869578776207322,42.02106652852507,41.881638754903676
Michigan St.,1.2626637480148504,0.9597771902574566,36.497751239026194,45.791250984923735
Middle Tennessee,0.6317810503317227,0.9309577097982823,44.967973754716695,36.07123146661533
Milwaukee,0.37749791452534237,-1.0297527856403481,38.082855797061264,40.01466666287484
Minnesota,0.8617118496167485,0.6133975768799078,47.13548301808598,41.7176698241019
Mississippi,0.7642851828187263,1.324154261118385,36.477895222549684,42.581913202982406
Mississippi St.,0.3347145191603803,-0.09101291417719146,40.117468284120335,39.35672774610235
Mississippi Valley St.,1.020118139905051,1.9869988415967905,30.12219106253456,41.87802517851035
Missouri,0.8114326083429111,0.8243915672147246,36.38974442,43.3355567156117
Missouri St.,0.5451229512962371,0.8326782282268186,41.45256104789127,35.79217960083768
Monmouth,0.7259155090442646,0.20065937215785312,34.35483749757756,38.46657595822683
Montana,1.3904427468725657,1.6227449552467987,41.86974964479599,38.228671385034964
Montana St.,1.2760379200070364,1.272697287381126,44.465544014516375,34.62407243965558
Morehead St.,0.8458989264206527,-1.4329270064071171,30.35868306367801,38.76116183977067
Morgan St.,1.1097115808100262,0.3270500359968306,35.45729464100527,32.971320216868634
Mount St. Mary's,0.9624699888611428,0.9349331952927841,42.62033086639945,44.784219895341586
Murray St.,0.5772036916377947,0.9876053285916249,44.749894792549654,27.662482616530507
N.C. State,0.7747385237939198,0.952834845153079,43.85823925062217,45.67324454742376
NJIT,1.6582280484188765,-0.43077884411086037,40.34583045704052,40.35938380648299
Navy,0.9161924847943752,0.740689132535586,33.38064775820222,45.92305319108599
Nebraska,0.9343977320783516,0.9240519278409695,50.742266283760365,48.948551430859325
Nebraska Omaha,1.4926948642431361,0.9474546187114864,40.93417773243398,45.8929339993853
Nevada,1.1946838794975272,0.9491695803612912,32.42548373916821,43.22256828436586
New Hampshire,1.2445647728581142,1.4412212420069248,43.17116548419239,36.809309019938375
New Haven,0.8646505139234207,-1.1543869058623315,40.289547489748124,38.39187847491496
New Mexico,0.5631422442427474,0.981266075432702,42.14756413174327,48.520976645490755
New Mexico St.,1.727407257045483,0.9058181325287216,39.06904065765558,41.697150627205026
New Orleans,0.9476893566624589,1.320388459700963,33.463811855795655,40.416973636514214
Niagara,0.7554142780816906,1.4061069228445389,40.574310498122124,40.54777625557646
Nicholls St.,1.1581143853788265,0.008606870146280718,43.7707838186475,38.3286502651785
Norfolk St.,1.01182725360841,2.6520229783077482,30.874235046222257,42.057185263033915
North Alabama,1.2301483198098764,0.38685942101854187,33.958656647825016,43.19702013133331
North Carolina,0.19463821306162563,1.0303497366944498,42.01214411122272,36.99317950161434
North Carolina A&T,0.9809965355259505,0.5588771906858427,32.956809506996706,37.857770388764315
North Carolina Central,1.1760315590812,2.9367581450209665,33.88436563078802,41.07068950310955
North Dakota,1.2730686576757475,0.397096998839882,40.75262321097701,43.04080097598873
North Dakota St.,0.8300727013619444,0.9516425826984543,42.68360690451807,44.717441017043996
North Florida,1.0767140170976244,-0.14187322756495005,51.561590455239276,38.98511510017682
North Texas,1.1903964982956996,0.6977906192684937,32.51128714439902,38.11645985858989
Northeastern,1.0325355173352198,1.1793405595832018,37.74118995321645,35.35956210496178
Northern Arizona,0.5634012913208074,-0.5512173497356082,36.959347999690394,39.81583307391217
Northern Colorado,1.3138928666068355,1.1745894130931855,41.508193174888895,34.84425798395189
Northern Illinois,0.8458002632992535,0.7441556989552834,44.929597200990585,37.85138058863252
Northern Iowa,0.21071847408179892,0.8203048352895241,39.34955405210926,41.717117478060686
Northern Kentucky,0.9988383412107203,1.0901079936026554,44.783862268502176,37.847191202503
Northwestern,1.199907245151802,-1.0797018742445637,34.420925874192456,40.324566400297456
Northwestern St.,0.9430169342049031,0.48077834464704533,34.05996380133963,38.156776147943795
Notre Dame,0.7825005421688219,0.9502297626660591,43.54879589366576,47.27075208621598
Oakland,0.9431725701085061,0.6180670350774675,33.837570093509036,41.64494720956643
Ohio,0.863181572297879,0.9116272571631959,38.20705766108567,33.48527032694049
Ohio St.,-0.9756796237634352,-0.9275127615398604,40.179657484201684,40.4404815499144
Oklahoma,0.9182266561776949,-0.03431162844775042,44.44169863331516,39.582813655577006
Oklahoma St.,0.938381131760182,1.2678674749867218,36.317409413624155,42.85884748610872
Old Dominion,1.0485011102642614,1.524473989411117,36.295006412921275,36.41992668610451
Oral Roberts,0.900072051448401,1.3208981945648834,45.46069869677634,36.70308035467038
Oregon,0.48325070706895884,0.7135462152500511,42.77401188320171,42.02076872682047
Oregon St.,1.0495202934639545,0.622165887322643,44.48779036977409,41.29978529973351
Pacific,0.9528564524029701,0.618756686171733,35.01213329273091,43.09695761964955
Penn,0.7660271264394785,2.5079773352342816,34.87500489303997,38.96921250916688
Penn St.,1.4865468780365085,0.8887237293813203,38.02866107266559,43.405996820318016
Pepperdine,0.007520446072223515,0.92032970078158,39.48319216550351,40.09386363719525
Pittsburgh,0.811687281514427,0.053420636336898995,42.50748206792511,40.90446554765427
Portland,0.8256104102006419,0.7431326655932705,35.49507607500263,45.61113599954735
Portland St.,0.622180330939151,-0.20655997428350534,34.205076147861654,39.594549567141655
Prairie View A&M,1.0592109658849973,0.4935030903219609,31.07919839640755,33.443519561213755
Presbyterian,1.0232206056211102,1.2672880581654955,28.12014275994927,35.96749215032649
Princeton,1.0935098635933471,-0.24470608422955392,44.274685386411136,41.28198374202003
Providence,2.136247182329081,1.1604500750119486,41.07351870655993,39.06522681465092
Purdue,-0.14346842913991825,0.6530408763302402,40.6660194281142,45.722275388372466
Purdue Fort Wayne,1.0330144149455045,0.9367664395568829,45.07378369468755,43.95222090440536
Queens,0.8349382789998425,-0.9834077665606977,46.54118192833991,39.66521525567902
Quinnipiac,0.9114644877435117,0.8721198301175355,33.71681002580181,35.70489372457056
Radford,1.0100480306630601,0.5430270823474626,45.480410402160686,38.12814571481512
Rhode Island,0.8406360896293199,0.5570752844067645,43.19149717117699,41.54990457242158
Rice,0.9438465567274646,0.6087543980910682,44.11843208640729,35.81687835768224
Richmond,0.8351127056680921,0.5907306684332249,42.41573959025421,45.2801071030202
Rider,0.9900324585340977,-0.4658934476550015,27.28076099178578,39.95308023340878
Robert Morris,0.9198803095828758,1.0777496924036276,40.756163733579264,36.19481782782432
Rutgers,1.2316545631477904,0.31226318001077175,34.56413613503067,38.673905527975016
SIU Edwardsville,0.8152173780597975,-0.6327628198557373,36.13470858796013,38.581001606894276
SMU,1.1910502239333565,0.6883671390017941,35.55859373837369,47.05937059593483
Sacramento St.,0.6376381314971374,0.913505537033532,35.49216256514192,43.77865541815442
Sacred Heart,1.0644288347137154,1.0509341793442895,50.582837996744466,43.65798500686239
Saint Francis,0.6681566256489205,1.4397456221146445,37.920833137722255,41.1588736293607
Saint Joseph's,1.0549305499221846,0.25677134232752,45.902977018178134,39.707100861532275
Saint Louis,1.107495358854404,0.42267444480066046,44.72485032218529,40.99698153100777
Saint Mary's,0.8209054454073433,1.4064870587469709,36.01454232317591,36.74400851949587
Saint Peter's,0.438794104652512,0.8494474864334789,38.49781787733932,35.48082978235347
Sam Houston St.,1.1959286574677175,0.6588069564031684,35.673740378854475,42.2023296800039
Samford,0.7879682938112783,1.747992651575647,45.76843470564317,35.779587769794176
San Diego,1.1964572926361736,0.4125878861106815,43.71641409339984,39.99296857447052
San Diego St.,1.0802197359138774,1.0593201924300275,33.84351416284425,48.15120434001473
San Francisco,0.9526564422034701,0.915798164947414,46.09380099331432,36.01622405491718
San Jose St.,1.453756060822967,-0.00526047045024334,37.769817399835,39.494526918760684
Santa Clara,0.9475572621456343,0.8973410752508199,44.824072652345436,38.20706098755528
Seattle,0.046373458664680796,1.1143610268375737,39.063910744054084,37.60766683263155
Seton Hall,0.8312748865486598,0.6771808966832243,26.981024762239645,42.362670713962544
Siena,0.9078781880148747,0.7259415432650497,31.664046597149436,39.143244724373595
South Alabama,1.2417316757689556,1.0779200417377157,36.372898365289,64.34362516816131
South Carolina,1.197212333028575,0.9488652477208047,44.30281001514169,35.22558316268332
South Carolina St.,1.0288171230761285,-1.8469316924812655,33.33229450205564,39.080516440487536
South Dakota,1.1044496095369714,1.1067211591122386,36.13003550858255,29.88560717149882
South Dakota St.,-0.25628622597576783,0.8940231994086614,39.04403617449149,47.13857253953094
South Florida,0.9461963894952339,0.3185936800967952,44.09418350336464,39.86219584325658
Southeast Missouri St.,0.8346838293899039,0.7252308593547248,35.866772538030894,33.218334400180915
Southeastern Louisiana,0.0033432968899938034,0.1372097885089392,39.58335983973745,37.72214710871658
Southern,0.9430937769595027,-1.6435275999953154,32.23568648451563,38.10095119636959
Southern Illinois,1.0958051169992469,0.4198115341549188,29.191990640730292,41.54317561602315
Southern Indiana,0.7990761964972235,0.768796850090479,39.867543996346235,26.956156086680988
Southern Miss,1.1835307651501086,0.13473688078582804,28.959727910574948,39.39166606605873
Southern Utah,0.7513578016151825,0.6739384507362414,34.51834350148243,29.697894193973333
St. Bonaventure,0.998817603949322,0.01594375104684255,31.555014167994987,40.98458494164278
St. John's,0.7753883091852622,1.3091217980683523,34.052586467456386,34.325616404650056
St. Thomas,1.0111841670529929,0.49842055743853986,46.641919953508015,41.271376191462764
Stanford,0.7410845685099576,1.1831709513305813,44.19773384670823,33.72970849745829
Stephen F. Austin,-0.06813794436620181,0.7059771857602763,39.3957297629372,35.06761879422893
Stetson,0.9609959274842175,-0.06646971805968244,44.78834967503202,41.164924056764555
Stonehill,1.0904024822465015,0.7508411709582046,40.55177009309218,32.49840459352412
Stony Brook,1.2032190971046033,1.6760732079613272,45.79559817989978,39.89576552534336
Syracuse,1.3726064161201326,1.0445117422666832,37.03383793014223,35.67429879064579
TCU,0.9497378432326774,-0.034500026954951454,36.49787860157327,39.09488669876874
Tarleton St.,0.8146645772689621,2.7953776135105044,24.45381631666658,40.88175729728626
Temple,1.0621726156083666,1.1421496690153976,36.47857347629307,36.39220548115855
Tennessee,0.9047976360384058,0.5731258800483784,31.96786201554679,44.0952435582011
Tennessee Martin,1.14909395919018,0.7885827711478051,47.223743621307726,39.57484216422841
Tennessee St.,0.9448442359405101,0.29627458081683195,30.712839025791233,35.949766422255024
Tennessee Tech,0.44477285965289515,0.22361655365440736,36.74494832038555,35.761010023574606
Texas,0.9808051494234091,1.1648904998804646,36.25070866038396,33.85657035396384
Texas A&M,1.0385162601056024,1.255037787826093,46.21280927570077,41.372912829366115
Texas A&M Corpus Chris,1.0181031344435796,0.7239905778969931,31.486501019793412,34.66949862703051
Texas Southern,1.0300020372127316,2.0200193194597307,32.66715759366654,42.6350549296283
Texas St.,1.1481292635519236,0.39911753228272845,24.641229111545474,37.44157581484382
Texas Tech,0.9567702282942443,0.8267955962874626,47.91268564000901,35.26771817602292
The Citadel,0.9755314276377917,0.4340732043478768,47.79261868735968,44.20711195695351
Toledo,1.2276859037522696,0.66147362450987,32.34217628344836,40.39161648879471
Towson,1.0937651194362934,0.3240064326390964,34.68541540925314,41.46342377545567
Troy,0.6131228789806551,-1.5625659145090207,45.77287010659758,38.94430810349645
Tulane,0.9575176583102162,2.1439687874321756,44.090788521316966,40.16563692068898
Tulsa,1.062988565055884,1.2682593430213025,46.299246878735865,40.01497287811914
UAB,1.1880716366529012,0.2994293597809213,30.670556236334487,38.92781586342908
UC Davis,0.8138688786900323,-0.027435749990603275,43.48802206511893,38.23050273006702
UC Irvine,1.11354505624475,0.6707316630359684,28.36595267465465,37.801044683104
UC Riverside,1.7182079171209523,0.9597764519963435,38.19092228672228,31.908571952094253
UC San Diego,0.963613150259537,1.1782945307575712,41.923118137989924,43.7713998636231
UC Santa Barbara,0.902321969377999,0.46869643457962895,44.11971848794321,36.07969837511345
UCF,1.072159901012931,0.2193257766494333,34.503988234744,40.04535923640878
UCLA,1.1412983923941267,1.0736169054144529,35.502014781937895,45.01289118813256
UMBC,-0.11327673096806377,1.283550989077148,38.55464028308988,37.85889210347191
UMKC,0.8673252742795088,0.9084602001510742,36.85357210509951,38.80255182554752
UMass Lowell,0.8592330336171959,1.3043175465842256,31.02403893362904,34.722391129902725
UNC Asheville,0.9557324484944745,1.5845671117593574,33.751780400596346,38.73514726508239
UNC Greensboro,0.33706779288526456,0.4566556912816625,40.35259851904199,46.499289725255686
UNC Wilmington,-0.07956319593938065,1.2438310697879171,38.97643778819263,42.75592834343714
UNLV,1.3746948190232107,1.3119428102596953,35.68097061035137,36.95315230160241
USC,1.2501087451293529,-0.4713471890910903,34.13104408792892,40.41414388561556
USC Upstate,0.8979926819662571,1.0787715907781172,36.05189525077919,35.896958808788035
UT Arlington,0.7563885464092415,0.6535002774016873,31.299433566534393,31.57926535923163
UT Rio Grande Valley,1.2314285672259648,0.18296039930805144,43.68109061928521,38.240256153980816
UTEP,-0.5514778859487566,0.7122572248564695,40.39183257817304,37.718751019275786
UTSA,0.9556850824072469,1.4098138303671583,40.91160159615661,42.901542351637794
Utah,1.1127280725273436,0.8950399711376201,37.50306115348383,33.75115045332284
Utah St.,0.40534949981716767,0.7477374064003751,41.278972088780314,41.35831128151072
Utah Tech,-1.927768311144247,0.0611255873453845,38.885070343049804,34.517366878680555
Utah Valley,0.7831291654403872,0.422216225064879,33.1711565609652,32.76057430505787
VCU,0.8136772890665909,1.197007639105608,44.22952694458683,34.16422880622582
VMI,0.9883624580791751,0.6693282653621845,53.58073318552927,46.80435787627297
Valparaiso,1.0591953613722764,1.421349344080727,36.791406561909106,36.8259729815986
Vanderbilt,0.8018692930706591,1.0471033292863283,43.79971865952601,38.34046568576137
Vermont,1.255325412234501,0.13786906456514342,44.74717793719834,41.140896447456456
Villanova,1.2689103305808704,1.2817271639246621,45.776171748817355,36.96038931800581
Virginia,0.9116196830590197,1.1573673953719317,47.01558400200957,37.286405465825496
Virginia Tech,-0.26591187195206295,1.7006863232173668,39.86343733238373,39.329176184012596
Wagner,1.0003779628399587,0.32002263160766264,36.28859639667524,35.70224426929371
Wake Forest,0.9850292957474085,0.840122896850032,43.836347014974756,46.95646095265808
Washington,1.1316450606882302,0.9413784793554009,34.37582562743475,37.81189341581698
Washington St.,1.0498213066424154,0.6570563475180712,44.83336784690537,37.05051332997417
Weber St.,0.6915251326548578,0.6209863033699118,32.971875474594036,38.9310201214236
West Georgia,1.2449786452780451,2.305880010005237,33.03443523808338,36.98863282072019
West Virginia,0.9781262088505803,-0.13134185152806552,43.02298283817797,38.48697850903409
Western Carolina,0.5548364579120781,0.14537875697648728,41.03557055321942,43.7294843407389
Western Illinois,0.8330351055764497,0.461441772418889,33.33604416377119,34.74114500892732
Western Kentucky,0.26922955890134503,0.8135114972748596,39.33688766359764,43.02093188558598
Western Michigan,0.758721128743543,1.392130938721577,36.05199032462969,43.49455551133569
Wichita St.,1.0012856056889887,1.046708628284549,33.65339551346345,33.358056755027064
William & Mary,1.1344135990908097,1.106560976396807,42.50925969029545,45.36868783741262
Winthrop,1.2649581548885005,0.9102285802799407,44.38336432426983,42.62222089546458
Wisconsin,0.9373705369947413,-0.05362687799630777,51.95879871232265,40.15389738070439
Wofford,0.7288210444539984,2.6184412378344306,43.23718855363047,37.880486130806396
Wright St.,1.0072999400476081,1.348501630174895,33.522701427667805,34.13983168156233
Wyoming,0.5431930329154251,0.867122575006556,43.83969718767158,35.81790245319164
Xavier,2.339103710303801,1.1602688225071494,40.403927922687004,35.56610339006432
Yale,0.9242185842782239,0.5820284456655684,35.95365082976086,44.700959213304635
Youngstown St.,0.9887083157188451,0.9695101328124461,49.3157252935997,34.32689517535778
