team,orb_rate_off_gravity,orb_rate_def_gravity,orb_rate_off_avg,orb_rate_def_avg
Abilene Christian,0.26324984140925356,1.7744224227946503,27.890947459654118,26.343199135701138
Air Force,0.9005031120307219,-0.18493359757029368,19.596686030343605,28.841137717233774
Akron,0.8751661091178401,-0.5790043417472325,33.13422656193944,27.445602684261754
Alabama,2.7938734551700084,-1.3499879541286814,29.344582811970067,30.477516413131372
Alabama A&M,1.7020580813917985,-1.2260652486818646,25.190453466642964,27.369890591330428
Alabama St.,-0.3686475377967479,2.0845496336628964,29.88250376344355,29.42320559790349
Albany,0.63169016738791,2.845533803209411,29.492931237137125,29.62049132209447
Alcorn St.,1.5721560250099658,1.2323125359832785,24.56638842615079,34.18367579145362
American,1.2199823426983174,-1.69209331831062,24.280994505343973,27.86044193553357
Appalachian St.,0.16762509921651114,0.38441611879510934,30.27816461326771,25.93618619693565
Arizona,1.180093821459734,1.5358534252636074,37.91787864051557,23.51219904164653
Arizona St.,-0.23641261706667308,0.17107806931527553,26.7107976668648,31.94960106242594
Arkansas,2.120202433871657,-0.9737899422335284,30.049029393727384,30.169516503229765
Arkansas Pine Bluff,1.869205571924725,1.3853365244448246,25.64861640383345,33.108759675186036
Arkansas St.,0.9419920901533629,0.8159294582662754,37.74474971269763,25.31867991373911
Army,1.32147574784394,-0.5613799475977587,27.120157953879602,25.78839301674709
Auburn,1.231950311898721,-2.1865934173206787,35.43554480212378,29.05722288730316
Austin Peay,1.4323288645062835,-0.7080042341119972,27.723495291199903,27.212818842214393
BYU,1.6188552820763653,1.7709702655291217,32.05257635600523,25.60923985225334
Ball St.,1.2346972482802552,1.8544346667894225,23.64115164095527,29.30725111606706
Baylor,1.1960018696361028,-1.7204431820712092,35.42259154594609,28.75432071415274
Bellarmine,1.0843398276486285,1.1360088555286112,20.401342904039186,33.72763479153995
Belmont,0.9141592630074926,-0.48087919197251006,27.13011877956228,26.947503289060588
Bethune Cookman,0.6215464643122254,1.5944158010109506,28.151626988685198,29.359077993200927
Binghamton,1.1154388071691412,-0.5323643900245183,18.095704146162046,25.9638901536488
Boise St.,1.343161956722583,1.2908350647678226,31.879370932265445,21.77977529859311
Boston College,-0.03161221625946669,1.3578936995558093,26.04228720925589,26.275355190454984
Boston University,1.4411419650012738,-0.24448834261687016,25.220460758642563,25.17443409045879
Bowling Green,1.4028161062297269,0.6938895813606977,26.326968578737706,24.68476936227042
Bradley,0.8690210339643639,-0.0101339161315141,25.736878490413687,26.725543660418563
Brown,0.754612982507419,-0.6184155691990981,26.174719076483907,27.045474138606995
Bryant,1.0632986473840367,3.457286207095142,24.395085668842444,29.357435097005517
Bucknell,1.0657263384924447,2.6492168790367225,24.433626836077593,29.5624264726499
Buffalo,1.16762447280109,2.262943619386301,25.809492963636863,28.952432473579
Butler,1.209286564703666,1.9277410828756985,31.615232905255876,27.490950055917086
Cal Baptist,0.9127535809063874,1.0378141698346555,35.801461378896576,25.190368360700187
Cal Poly,-0.023508028988896194,1.0429228143028744,27.656354692290037,28.462315927607655
Cal St. Bakersfield,-0.28384065622116605,1.514097826081249,28.04091974779197,32.00774342209628
Cal St. Fullerton,0.8792144436653795,0.5501114059141528,21.590600228555196,25.561836715989383
Cal St. Northridge,0.9672360242793023,0.5807045309461409,29.07273167981784,23.665326099750175
California,0.7686732593970089,1.9438437825558788,22.00068772506971,26.896506995302573
Campbell,1.2665568967500027,0.953714439662247,31.42780576465058,31.503703216144412
Canisius,2.2075202843283392,-0.8169365415247221,26.699328889071694,27.191701530482927
Central Arkansas,1.5152018514405157,0.4914792996150802,26.318963361383744,25.3733895048888
Central Connecticut,1.158947099348434,2.0458735187806623,25.420944507670985,28.74105614669325
Central Michigan,0.7111781305619002,1.2621082341557972,27.62817976742168,33.00909432821937
Charleston,0.8451888625431411,-0.17238524568629385,27.338088889176465,28.78585584536659
Charleston Southern,0.13040716859770482,0.3770398361611915,28.225170639638648,27.129248119635474
Charlotte,1.0515384557497414,0.3925603804484272,31.09402020201562,30.47600440626385
Chattanooga,1.0910769635356072,1.4157688476617225,19.979725044605317,29.64745173655073
Chicago St.,0.939433970909773,1.4072548086473333,23.801524761840582,32.1733711213441
Cincinnati,2.1090689812515437,1.5181378324092651,29.1273471262818,24.764837111643214
Clemson,0.4193036975934022,1.360789090198286,25.493998743773762,23.52494139643424
Cleveland St.,1.2594456618693084,1.055218629158706,23.378157901512605,34.85841382583659
Coastal Carolina,1.1784336242358817,0.4102096989615249,25.385607297533713,25.842458695026963
Colgate,1.031326536310455,-0.17124695218182948,24.44949887993445,26.788238318823705
Colorado,-0.5759945812641986,2.2139602872795807,27.355489168751358,26.793720683370214
Colorado St.,-0.5055172678937255,-0.2534909445370559,27.572371375905252,29.015191304921782
Columbia,0.9843832119155179,0.35939518890795424,32.923457194880584,25.738448140111945
Connecticut,1.3677007097686211,1.9127978306656752,33.02124462605916,25.757632596287
Coppin St.,2.4630398240465055,1.1836060189600575,27.42537473678239,33.15581406457121
Cornell,-0.2495276766200894,-0.25298619845712955,27.630125219460897,27.911999643849185
Creighton,0.6393701434126925,1.5601952658548852,25.269291219263373,28.045513080592254
Dartmouth,0.9238929194061846,0.670465709430683,22.098460281118136,26.609246660621675
Davidson,-0.21022811752671927,0.2918500694507582,27.105854220495193,28.179276311100264
Dayton,0.7679060026885667,1.3687243527882722,25.20543750463876,27.10169297286159
DePaul,-0.0386345329008178,1.147056768778774,28.226363189348564,27.9993751727795
Delaware,0.98120397181413,0.7302690344875489,17.652423236273012,29.713818694374183
Delaware St.,1.717816810380476,1.5555678875936605,25.211034549982532,30.688491632547404
Denver,-0.01444811740547192,1.7827690936875158,28.39933447877359,30.0801448230176
Detroit Mercy,0.5331847404712786,1.2760984624483238,31.381640663776782,28.945759296164326
Drake,0.9704430688703204,1.3536124514160508,24.101178318230986,29.36913562003716
Drexel,-0.16926481866076537,-0.1086925685075896,28.710443642742902,28.099020507952297
Duke,1.3669983123163514,1.3794264405157484,35.803782552557095,21.906599656235016
Duquesne,-0.18294571798694828,0.6526337129729247,28.181189618608435,27.715230166552328
East Carolina,1.3603005074651653,0.31318263116689365,29.917520501114073,30.897369894056094
East Tennessee St.,1.3819310638033373,0.17082641782367766,26.98293764834684,26.08322302692661
East Texas A&M,1.0162250409156246,0.8058522281401066,22.94477016213135,31.46945534613612
Eastern Illinois,1.2378503535146175,0.7793292285163411,25.1040283921803,33.79638459232027
Eastern Kentucky,0.7868314602628464,1.822535826850541,31.60513005043739,29.721518165272393
Eastern Michigan,1.150556183172512,0.4430450864626439,25.28508553742203,27.282666513618743
Eastern Washington,0.17366422191410533,1.5459799683101543,28.343811476510464,28.646451967553887
Elon,1.008216402779853,0.976612700430549,31.550638368192093,31.5556122626464
Evansville,0.888218977673056,1.273438530530641,19.569877721782007,29.480765098472126
FIU,1.2524430277974945,1.005036061510775,31.732649092398347,31.10742948137968
Fairfield,0.5918502381748698,-0.49504406179398536,34.65911329035693,27.07237249456261
Fairleigh Dickinson,0.5387725347373116,0.5556951683220878,29.456659897710388,24.062964080727838
Florida,1.1191913435037157,1.5622052963265955,42.19839104065313,22.296385478402332
Florida A&M,-1.2691170529066302,-0.40046675850780594,29.131807981298646,28.041895068868694
Florida Atlantic,1.2342844702508355,1.4915332338471208,30.549807580052505,25.343431973930855
Florida Gulf Coast,-0.0021730559013908007,0.5457775320614805,29.03899811462339,25.27707772293048
Florida St.,1.82320712313754,0.38321289417551324,29.478127435924605,32.206285904083906
Fordham,1.0103607283111589,0.9581072971857623,33.57861418168422,24.739796812938966
Fresno St.,0.6228407038441243,-0.2763260781860322,25.53086809309345,28.989262984018062
Furman,-0.008186088708918763,0.22306115127769455,29.055597362023867,25.164912304680428
Gardner Webb,0.9568207996007779,0.9160233705396593,20.36945216218361,35.87894550048032
George Mason,0.7197084220338154,1.3708936559850315,28.51622988842939,25.908090879635512
George Washington,1.119909289306695,0.7053777036276855,35.200507667385004,26.82396389942106
Georgetown,1.5493923465827935,0.04987687948447935,30.375275534028493,29.62115596331794
Georgia,1.4671276835576172,0.1700024290547656,32.53504382901082,32.101657358404374
Georgia Southern,1.3303030003530092,1.219138710682228,25.970385801109035,32.33908736514689
Georgia St.,0.9901894871405933,1.257308735579599,24.620767920567197,31.757608225207818
Georgia Tech,0.03737047098778709,0.9099705205563883,26.5818553147837,27.84628058588693
Gonzaga,1.1008506990040143,1.299726832303342,34.350521930056516,23.334958002204296
Grambling St.,1.5216121846751076,1.7118607384025712,28.038597133920984,30.865993874057036
Grand Canyon,1.1744558602375788,0.938033513847689,31.36116836963685,23.695924292432444
Green Bay,1.2462892329883446,-0.05847415584985083,22.46016020735834,27.066000017542724
Hampton,0.29655339047679036,1.1026114597453829,28.739882186862584,26.673336118721718
Harvard,0.8514738221972397,0.2620042016033067,24.181106789057466,26.133030290629865
Hawaii,0.19477585900582509,0.5667707075715912,28.172060934053054,23.2714448652837
High Point,0.7598009820821076,1.109993832114854,30.88092341367298,29.567228247514805
Hofstra,0.9318189404065746,0.4228526855549265,33.62732653804862,27.955831391972147
Holy Cross,1.0754887453333022,-0.04470449917900909,18.944082430862228,25.455202857543576
Houston,1.2376334586445827,3.4372227343092048,33.9161350913348,27.47831083688736
Houston Christian,1.657250115099369,1.0805963285232638,27.67545029727575,29.81469640624621
Howard,0.5321612424202213,0.7548562300368983,34.28194584025344,28.514676026948
IU Indy,1.6965412066112595,1.1480226145465937,26.644690332334466,34.84148040303219
Idaho,0.970785441917953,0.7165160270311782,25.785808887403984,21.413377628161935
Idaho St.,0.9463540813140128,-0.06788674222335755,31.77552267133761,26.31571123416199
Illinois,1.193804446278388,1.7972535005940686,39.078263167682245,25.59435695510703
Illinois Chicago,0.9755251852673491,1.5904735543034794,34.28304279116371,31.017633428227473
Illinois St.,0.9446860057199024,0.6994468758160526,27.282093499159245,23.311915954778357
Incarnate Word,0.3489554334409267,0.9338179799737477,29.735381893946055,29.40503686032057
Indiana,0.4298426854626369,2.57223438245071,24.175432822443547,27.722178244538142
Indiana St.,0.9694147221365762,1.1395931180364682,23.024560380316156,29.95239509271653
Iona,1.5882507052974164,2.2141980291681036,24.346192465587414,29.08592485858764
Iowa,2.377364110985977,1.7074068078859166,28.791504664688457,25.84247540021912
Iowa St.,1.2902041463072567,1.6356959311236998,33.24884296973407,25.74039748849512
Jackson St.,1.90944401646404,1.0792618125223001,26.883302726039553,34.90840392320019
Jacksonville,0.22069857804951645,0.0842590122366734,29.832384124531362,26.840723211015472
Jacksonville St.,0.7076095274516825,0.8916004720330131,27.498390045592476,24.562783761944814
James Madison,-0.5979238395634181,0.6850467106467611,28.503715630076982,26.484758166639136
Kansas,-2.008435582048158,3.8193442634869808,27.786192215003993,27.57091037216062
Kansas St.,-0.47775646629680685,0.75829824986742,27.16642304363145,33.25059478151976
Kennesaw St.,1.0033142050234476,0.8382431317095626,32.82141478339353,24.931283304335864
Kent St.,0.8181961518974192,0.3205358274530061,33.45117785270101,27.147767255306434
Kentucky,1.4018042488398852,3.599283363966574,33.72348977954712,27.3370895817537
LIU,0.9145357464396857,2.0149101852439846,33.052327807815026,29.583663770082456
LSU,1.2079371343096217,-0.9004242214988035,32.08426838472421,29.49722483510122
La Salle,1.1248736686880023,-0.8909010261261063,31.27344664550874,28.690075770861128
Lafayette,1.097647293308576,-1.7914103585882672,23.203607078689604,27.390688091254358
Lamar,0.7975476437057997,0.31805838602042413,33.70691716859995,26.549509861635375
Le Moyne,1.0002199544276698,-1.6029545697475007,22.25116946358875,27.824527297042117
Lehigh,1.053429896908346,2.0495844725996237,20.38356805969956,30.63055376533803
Liberty,0.955014121569538,0.5395584506166556,14.829307753987479,29.587583617001332
Lindenwood,0.24759601475810186,0.013948028641163015,30.796849756960693,28.310967798028333
Lipscomb,1.1490068028967209,1.0834638925587525,23.21734539038317,28.73877257663533
Little Rock,0.3643078537397264,0.9486038908537516,29.71998128549466,35.082733471927696
Long Beach St.,0.9217250665949513,0.6409068909535706,22.85921484641388,25.415105644519397
Longwood,0.7488217349668655,0.32924463061738385,34.04111250353658,25.704916590142062
Louisiana,1.3857952023135467,0.14572712927904052,26.133679654847576,28.40593588021424
Louisiana Monroe,1.056591620036887,1.0351746737999517,22.123708707507582,35.24353178819355
Louisiana Tech,0.920418894205079,-1.2441259680293135,34.947199439699794,27.912585669424878
Louisville,1.5527949193564645,1.7175094006416072,31.297019973212237,24.93041542188739
Loyola Chicago,-0.052722362360809114,1.2035070581503318,27.901642292404965,27.75130240973466
Loyola MD,1.3362691692970312,-0.4394433285510914,25.669210216903313,26.33707230751237
Loyola Marymount,0.9087477450245022,0.7132581802013626,24.328868533263677,29.82755267213302
Maine,1.0946059422590833,2.068881679384374,16.298243294359683,30.977608098510373
Manhattan,1.8790128625153828,1.104676236450238,26.671808708232327,35.93143366011825
Marist,3.1919497578764924,0.0711030596584752,27.315938763877625,26.04266652354211
Marquette,0.1380896778898216,0.41313617482377,26.778038682508146,31.98146057112321
Marshall,0.4263720557205886,1.373230085793573,29.713011042298657,31.263148869051644
Maryland,1.5224033198318223,2.0668542403937735,31.57641370078474,26.312008614835186
Maryland Eastern Shore,-0.25077220511768405,1.1301431622766294,29.646682352930224,31.434910840841
Massachusetts,0.5376963730564397,0.5520156106992405,30.219734558573705,23.35239491016159
McNeese St.,0.9379014315979505,0.8542226611944347,33.79994038014671,31.789673696754864
Memphis,1.2586211059668235,0.45345000616881953,33.04047419457764,32.94313473524042
Mercer,1.0184606297333876,1.3459243545335509,31.068732706976444,30.87094177538078
Mercyhurst,1.1329829270087344,-1.0698813080943823,23.709685586678795,27.29721239542734
Merrimack,1.21601156526012,1.0774226276681622,22.749891658744634,38.73877585145868
Miami FL,1.1307936163881362,1.2650751003086196,35.10138093096762,22.943910480724444
Miami OH,1.2290762961243837,0.36983417859291007,22.884460468120814,24.968312882182353
Michigan,1.3772637103379328,1.8434314136260324,34.91669928667846,24.94379785885475
Michigan St.,1.206306808686891,1.2731962755734219,36.93419326266186,19.917360742808217
Middle Tennessee,-0.07430664056772718,1.363565144296712,27.946072270230953,26.183507690599047
Milwaukee,0.3829751514105303,0.5229528794572808,30.67116281861914,26.604688886719646
Minnesota,0.6251479298090054,1.6050171866828395,24.622627728220227,26.177993947537335
Mississippi,0.21290126846074495,-0.5579596622398595,26.36421643864031,30.16751734058673
Mississippi St.,-0.4765498793355284,-2.8263760174267096,28.134777716230566,28.798984971439584
Mississippi Valley St.,1.7512281860646688,1.30973745663095,24.276485359293588,34.214005373008426
Missouri,1.2328920898961966,-1.4797008235046847,31.902368949810445,29.04145430829894
Missouri St.,-0.12135542790961475,0.38760182626021694,27.922199637464598,29.573740849846107
Monmouth,0.4477299867797498,0.8127148795637981,29.168549672903527,31.37415536968334
Montana,0.9354669455568514,-0.1474815902619805,18.349948313572327,27.549145642941458
Montana St.,0.7539920316644018,-0.10257476377317219,24.710057578953016,26.510880526621197
Morehead St.,0.7502193103248729,1.041188062366522,34.41009994540193,33.003121041311296
Morgan St.,2.2509834445815953,1.4330607159307307,26.989480874295005,32.22246590543272
Mount St. Mary's,0.2674110994656187,0.011209170283736036,31.295200706886373,26.62400618657221
Murray St.,0.7754553696635923,0.14600992033864021,32.44916481159524,28.325338985077657
N.C. State,-1.138772869363331,-1.4264572949758796,27.418341497936048,28.968102642145585
NJIT,1.0253681699733028,3.4057203591762786,23.821125723430015,29.194760880061754
Navy,0.4931318986279713,-0.27377082442591233,30.688957819582125,25.120947724277745
Nebraska,0.46123776975820596,1.575619041449119,25.109292290517,24.923938638533027
Nebraska Omaha,1.0858527874594124,0.36915710705664295,22.51871461984085,26.45650938561457
Nevada,1.6467182681858972,1.4620825612682813,30.51359353363441,26.176410977136847
New Hampshire,0.992891757126064,0.06898865958516937,23.60914844725097,24.072338184977486
New Haven,1.0391434029833775,0.5940312871481961,18.784359349794208,25.457524026763785
New Mexico,0.6112355406385027,1.3923119984798225,28.416485858049843,26.172535375456764
New Mexico St.,1.1992685336808602,0.15195151639316226,31.019666631858062,26.33143708199834
New Orleans,0.9095688763246267,0.9598016476849036,33.836029465397964,31.392150587989377
Niagara,1.2740208252476388,1.4987388759472065,21.2955632538284,30.164288194093924
Nicholls St.,1.1449948481404535,1.0408712322957465,26.64901717534984,32.127317595265595
Norfolk St.,-1.538015038133967,1.1405213354483301,29.00852668404691,30.69630904155181
North Alabama,-0.13662752294982533,2.320943568986587,28.38396912294258,29.610105539862023
North Carolina,2.3104122926668205,1.6366073120679052,29.213754320565716,24.774394695775253
North Carolina A&T,0.09061935229071687,1.0136877605461974,29.378103672852568,26.547132777881405
North Carolina Central,1.6215335390411447,1.013028697351392,26.2773426648689,37.52665442700939
North Dakota,0.9813194551904364,2.0542431126849645,25.236554885017444,30.59321711526725
North Dakota St.,0.5759027080528171,0.3792100709564078,31.45568490084536,23.564810909098515
North Florida,0.9044546199566813,0.9643783371121275,22.72165899800474,35.98659164309881
North Texas,1.0085591046551383,0.25983319573671243,33.2027986156432,29.506822770181934
Northeastern,0.9705413881278309,0.8613958169809782,24.651330825855776,28.67615734581956
Northern Arizona,0.8795706935364379,1.2947456575017084,21.558554496930576,31.63981083535685
Northern Colorado,0.9780800444924957,0.5615925062369644,23.699039520657912,21.60744794701109
Northern Illinois,1.4186192381129172,1.6293214191064342,27.4276490856294,28.867183045887476
Northern Iowa,0.9608051562411126,0.9291048752783914,20.05498631080143,23.78529246072991
Northern Kentucky,0.16562784692292337,1.6422709518248884,30.49191742191495,29.667474557908218
Northwestern,0.17889762936434603,0.5248400169246961,25.813102308217942,32.04175195532694
Northwestern St.,1.1023218939233472,0.8331767161139272,23.425931956812953,31.243943757574364
Notre Dame,1.9567713827842539,1.2691190033047828,29.300506249407086,23.357813805070812
Oakland,-0.08848409472958439,1.0708402416307845,28.344265536013825,32.25515560534036
Ohio,0.8405566451516785,1.3210765445883572,26.702758854558535,30.97612043969999
Ohio St.,-0.36683007604229007,-1.0040209984742903,28.206344473886922,28.466171265634898
Oklahoma,1.219684096097778,0.017849338074236103,31.789499414510367,30.426598321866692
Oklahoma St.,-0.07794330757941254,-1.7485479978398852,28.237649955337357,28.719533938006013
Old Dominion,1.166220910144587,-0.12713166073072324,22.808435084106684,28.243378624964446
Oral Roberts,1.0532519022841471,1.4394184655850397,26.48065891935794,30.065127122531738
Oregon,2.1291703780155293,0.10772319694081414,30.15264519588087,30.696263252993276
Oregon St.,0.6736788292872101,0.6073985480598012,24.550397314632317,31.042759370071405
Pacific,1.0907623612985762,0.9458157596787655,31.953616785134948,22.49981827665507
Penn,0.7321274632060567,0.05763438015942122,29.23173642129169,28.310408585022046
Penn St.,0.6473127724237304,0.09290502642524315,23.526272981017716,30.33847348674447
Pepperdine,0.40599765028697055,0.8468000322886825,25.527888042714658,32.06844424153734
Pittsburgh,1.5749684224642166,1.4877191173776814,31.371125988325357,25.730419180041284
Portland,0.4446404878774694,0.72240600892265,25.374908788658527,29.987966306071126
Portland St.,0.905642921475919,0.48768163037148715,26.25497104956725,23.31754831217312
Prairie View A&M,1.7257800789398805,1.2645733739883822,24.0450633913763,33.6237293585531
Presbyterian,0.6195769524814434,-0.02682640664251328,31.365075850841677,27.543568274441775
Princeton,0.9123322404984325,0.4120763239635546,24.341781308285853,25.611092053982343
Providence,1.6393625100848543,1.913466903285197,30.488924560918928,27.349571314779617
Purdue,1.2927537460443348,1.4878468498218906,34.30769072438646,23.890182797111308
Purdue Fort Wayne,1.1285217193499204,1.213037866481056,20.583227900660557,31.959325543996847
Queens,0.7779879398269762,1.4534273106309308,28.053022638378586,30.10140981701964
Quinnipiac,0.5456025007375084,1.7496711810510956,32.588635521898006,30.11307067243928
Radford,1.3670510746659694,1.0941342662997051,26.22264601484407,29.414024124698255
Rhode Island,1.5170169975056922,0.04210601646029649,29.417953886191174,28.84997644645714
Rice,1.065946616586186,-0.046079244633499834,32.982448665070635,30.394309263692783
Richmond,0.9735333835659671,0.2840049727292633,22.512768937770662,29.616310593626892
Rider,0.13229613343183333,1.346833032199186,30.873199824176822,31.12906901311198
Robert Morris,0.7479354022211699,-0.6798049649152702,36.626802635024205,27.546639745413543
Rutgers,2.323086466514915,0.25445099214137207,28.748581109073687,30.72049546669201
SIU Edwardsville,1.3769537784991286,1.033056344716392,28.043920406827215,28.673082190990602
SMU,1.42434665267585,-0.8231408661034952,32.62145830348149,28.46427896094183
Sacramento St.,0.6812491082236364,1.3831354978819494,23.588478023304138,30.87873642765492
Sacred Heart,1.9795397563075772,2.158093371802856,26.060174261622706,29.649000363541774
Saint Francis,0.9413370528982343,1.4210193138303315,24.48275474791631,30.630238183628272
Saint Joseph's,1.274206960647662,-0.08663712961307113,29.462209376795688,28.433941196200355
Saint Louis,1.1041436912490976,1.16551544543401,29.837756067157684,24.83036727335281
Saint Mary's,1.1568418343728955,1.1122499211622068,36.29540565153205,20.677393603124123
Saint Peter's,0.7073556459814176,1.2929240351785662,35.46893623598027,33.351445327452296
Sam Houston St.,1.145497064953406,0.5793213833095693,32.46510961602505,26.873424284866022
Samford,1.1836171748802682,0.7170848210596638,22.282276272465406,23.594172301528275
San Diego,0.6382163045357809,0.9230481528657248,25.826070196407983,33.26173473858375
San Diego St.,-1.2661798517998468,-1.484167662480301,27.742714094691156,29.050263447152087
San Francisco,1.3623412297384194,1.1950166561103128,30.10558152947849,25.2067839146064
San Jose St.,-0.3767498570234658,0.8286477390353681,28.195556702525476,34.95915001744058
Santa Clara,1.3166634314446388,0.375467075190118,34.586025318697146,30.650209947378798
Seattle,0.8546187068327216,-0.5933398509725373,22.320290407133335,28.579222338231023
Seton Hall,1.1683918008891485,-0.5423088529807906,32.87419115126324,29.061777268927194
Siena,-0.29034303421455926,-1.8357716172396392,30.175761659988332,27.834129069816736
South Alabama,1.2159875275885705,0.917545073020088,21.769966239670513,29.568663738620945
South Carolina,0.47787144832951794,-0.3039371600260971,25.43490892553031,30.94023422337245
South Carolina St.,-0.7965886624103808,1.0944488088330573,28.907491307008968,36.20285599363907
South Dakota,1.3567415669016414,2.66662153199316,25.82330275454619,29.08173317688483
South Dakota St.,-0.46680982398184756,0.5200367929247179,28.623798727920338,23.178939029991692
South Florida,1.1151086555161487,1.0901174034261647,35.72921731206112,28.056159609345073
Southeast Missouri St.,-0.06683528504342898,0.5541049470905302,28.269762783834103,26.670150690888644
Southeastern Louisiana,1.2785175962210118,0.7146919234303729,26.924397769825706,29.120314193677604
Southern,-1.0197504958654384,1.1956053062371115,28.766537249366515,30.468162107248208
Southern Illinois,0.5829790342148543,0.6543565295486263,29.709391137164737,23.988519622726017
Southern Indiana,-1.3186656374446415,0.976857026444816,28.668932793865643,31.13602123949253
Southern Miss,0.7154469983648575,0.788789697493028,30.80720793728628,26.957213278261055
Southern Utah,0.6030052197504477,0.42349390536025294,26.607035906466937,30.86182796181442
St. Bonaventure,1.2029223266331115,0.9907350165336672,32.19072097537249,27.161030902573792
St. John's,1.2033779077916258,1.7587365734779155,33.329676267924896,26.220741254123364
St. Thomas,1.0460937688766603,0.4809326809347257,18.85516970114041,24.654948727296787
Stanford,2.19131830150095,1.5048850310380188,30.05067614622234,27.41877066448531
Stephen F. Austin,0.6928408010808661,0.9678242228444979,31.70502499641857,25.177703724372236
Stetson,1.179724447179143,1.1038462626644012,24.801754864683584,31.08319552187516
Stonehill,1.293925390008078,0.386778309179485,25.877731632468148,24.65049406734232
Stony Brook,1.0664863013038883,0.4546216425282653,24.602895867481234,29.39399385746375
Syracuse,-0.07886628008584903,0.1724737794514834,26.088904347732992,30.869030130584196
TCU,1.3027218689452682,2.68244911902194,32.15588966994462,26.892493596109926
Tarleton St.,-0.08868428535893931,0.7075373665768332,28.127345537496566,34.96062771624437
Temple,0.9646574488382007,1.3436755540157352,25.79120045810915,25.794650366262946
Tennessee,1.0721564997203006,1.7239260618379026,44.386279653950666,24.088528251984545
Tennessee Martin,0.72878917843596,1.159181856436196,34.94451466216568,29.80151885283299
Tennessee St.,0.5326261704415013,1.009496458351521,32.1164736895902,27.301054348129444
Tennessee Tech,-0.6820252156000374,0.760511343645193,28.81801137323189,30.23468316676948
Texas,1.1970960929052434,1.7510676040450617,34.5623999158116,24.095434420579725
Texas A&M,1.4615738574408979,-0.32363641436625584,29.705000104282426,30.034952197887552
Texas A&M Corpus Chris,-0.03930680461428157,0.9916769611995685,28.274125330460652,26.94669419486144
Texas Southern,2.280749169277437,2.321416746631251,26.93100159323424,29.308629696400743
Texas St.,0.6864354775906818,0.5444586322369386,32.084116284664454,25.066121765863883
Texas Tech,1.720164408778082,-2.746183855830472,31.875978760661283,28.623713554410003
The Citadel,1.137236909741864,2.0587968125733402,26.052439671577055,30.219101442100833
Toledo,0.7220490447294894,1.0832494667778474,27.59291260370012,32.72819837682237
Towson,1.012302359813376,0.8191168324848825,34.82058427631276,27.095762902207362
Troy,0.8883757376658452,1.2230361239605172,33.53954496420509,29.444576564213754
Tulane,0.9293839477463224,0.5423342214670642,18.681383955427226,33.02030140143227
Tulsa,0.776703279596111,1.810604982911787,29.583088481560644,26.48011897891322
UAB,0.6218356834996555,1.1693804997248953,30.131430490846594,24.91344032112198
UC Davis,0.8463130867609824,1.2697114498521644,23.564981757960535,28.73952999560422
UC Irvine,0.8670582411392098,1.574922509191596,28.616639503462704,29.189217121528124
UC Riverside,0.8750823235575438,-0.4292868854450378,25.396679418214653,27.49630971132565
UC San Diego,0.8758965140031904,0.4769176779568643,23.7964699453828,25.252290496972154
UC Santa Barbara,0.8593430138293113,0.6207186354711786,30.450678052513542,22.408457633168084
UCF,1.332768893394166,2.343473671449732,32.5086281186436,26.72197959281561
UCLA,2.5040047116992463,-0.24035487651753015,29.24063047526849,30.061942396920564
UMBC,1.2905794081730542,0.3794321341590681,22.73991980067784,23.282593467697538
UMKC,0.9397940655059289,1.1821507773599702,24.6634055488396,34.50135390135368
UMass Lowell,0.6736495553172573,-1.7288815448975463,30.586269626577607,27.082667080032532
UNC Asheville,0.20079819215431136,1.0876267864471878,27.95420593579683,29.530173871788396
UNC Greensboro,1.3171125870417462,-1.2752724628877463,25.38996988600501,27.831445417748473
UNC Wilmington,0.8504077027074297,1.018532359046971,34.13504944761509,23.16737032453094
UNLV,1.5538071702201632,1.1666571862148607,29.71849853843736,27.818433873162196
USC,1.6187354721152987,-0.5402152442482844,30.808175901825983,29.660619080376566
USC Upstate,1.1069375587255421,0.9101603306024606,25.95758627562654,29.483486437541433
UT Arlington,1.0056625429033637,1.5225214125621809,33.27053510110706,26.673059127553852
UT Rio Grande Valley,1.1228925677857884,-0.12049049765159746,25.97485819318655,29.079634494195904
UTEP,0.8498205833257408,1.1801235190537456,23.69831888749538,31.079886195741988
UTSA,0.28112130188338,0.839173706123887,26.927649677112555,37.240534128315225
Utah,0.0735712456411739,-1.2214090667507715,26.08890468374096,28.931801088918352
Utah St.,1.4134810894745227,0.4461998497656444,31.526961625985663,30.40176425879958
Utah Tech,0.7971945312488692,0.605688762997031,26.158317779593943,32.467764675014834
Utah Valley,1.1882718370582475,1.0703512685907128,32.86755807453392,27.81842356917023
VCU,1.149734774721949,1.1724710148587514,32.184472802028715,26.89537236182138
VMI,1.018577731709619,1.288736372265657,23.289135770895175,34.70070606249361
Valparaiso,0.6960361410899965,-0.21516890403625438,30.06174870106722,26.915756071580866
Vanderbilt,1.7279648266735326,3.394911902924005,28.587665993780128,27.16602265698806
Vermont,1.4195855778426363,0.4415497698495457,24.204437185302982,20.209612004929593
Villanova,1.6789141674338466,-0.8648227484240932,30.395413971770793,29.036683121217308
Virginia,1.1370201461027167,1.6217038095750556,36.87120346781785,26.044527485742268
Virginia Tech,1.9920382590114074,-0.00371925060419591,29.89077519970768,30.605760154016643
Wagner,0.6689764109946088,-0.31107358428205967,30.565419254751138,26.994512239115725
Wake Forest,-0.894952579907018,0.10299606143025501,28.009702507892477,31.36139558618467
Washington,1.3736220270294386,1.5847370342020972,32.006432244111004,25.547100732238235
Washington St.,0.2221896461419559,1.176408226298905,26.897198157177996,25.584544697317718
Weber St.,0.6033450500487949,0.36535713189138264,29.671935976373156,25.19330222871307
West Georgia,-0.519427812195638,0.5146551927550022,29.458502964809444,25.13397166696978
West Virginia,1.425622848440763,1.4926195218507223,29.781438430378007,25.904509575267735
Western Carolina,0.8424615951160526,0.6303240886812507,33.20948249930559,23.807069629879607
Western Illinois,1.3749110858735563,0.9671720977872923,24.12502142980227,33.81781561610177
Western Kentucky,1.0363767892813196,1.0638800688019727,29.39956545322593,25.6185775826766
Western Michigan,1.2081992600348868,0.07045375404693624,27.571257800824625,26.97611877097268
Wichita St.,1.0799040454916822,1.4434885881807829,37.794959946978814,25.241466910808708
William & Mary,0.9394523094615773,0.5437159927950019,23.761555334183537,30.04015709996907
Winthrop,0.6837502072826219,0.8990229362163484,32.02187693206027,25.18078578014661
Wisconsin,-0.17312165026532633,1.7983284180401635,26.61437646486175,25.674617434102032
Wofford,1.6409862823083745,0.13730251702064608,27.600574038383247,26.520474896247684
Wright St.,0.2862128403235341,-0.337880315566426,31.16245334869454,27.08042860298109
Wyoming,1.1686876511273625,1.0437917240916328,32.81977928934221,24.501866534361934
Xavier,0.7091344300334493,1.6037794190828836,24.093064065085578,25.51331563051539
Yale,0.9415868222076729,0.684443251904813,30.240791024111818,25.92404933876768
Youngstown St.,-1.156086214218894,-0.012985566412946646,28.885458169751058,28.280506535918196
